game_clock,description,location_x,location_y,event_type,opp_player_id,player_id,sec_player_id,team_id,home_score,away_score,period
10:00,Start Period,0,-80,12,,0,,0,0,0,1
10:00,Jump Ball Jones vs Ndour (Thomas gains possession),0,-80,10,203838,1628280,203826,1611661323,0,0,1
09:41,[CON] Thomas Layup Shot: Missed,34,40,2,,203826,,1611661323,0,0,1
09:38,[DAL] Ndour Rebound (Off:0 Def:1),34,40,4,,203838,,1611661321,0,0,1
09:21,[DAL] Ogunbowale 3pt Shot: Missed,-208,88,2,,1629481,,1611661321,0,0,1
09:18,[CON] Thomas Rebound (Off:0 Def:1),-208,88,4,,203826,,1611661323,0,0,1
09:14,[CON 2-0] Hiedeman Layup Shot: Made (2 PTS) Assist: Thomas (1 AST),-5,-6,1,,1629567,202662,1611661323,0,2,1
08:59,[DAL] Team Timeout : Regular,0,-80,9,,1611661321,,1611661321,0,2,1
08:49,[DAL] Sabally Hook Shot: Missed,75,28,2,,1630149,,1611661321,0,2,1
08:47,[CON] Thomas Rebound (Off:0 Def:2),75,28,4,,203826,,1611661323,0,2,1
08:38,[CON 4-0] Jones Hook Shot: Made (2 PTS) Assist: Hiedeman (1 AST),13,58,1,,1628280,1629567,1611661323,0,4,1
08:22,[DAL] Thornton 3pt Shot: Missed,-187,210,2,,203866,,1611661321,0,4,1
08:20,[CON] Team Rebound,-187,210,4,,0,,1611661323,0,4,1
08:11,[CON 6-0] Thomas Pullup Jump shot: Made (2 PTS),-82,132,1,,202662,,1611661323,0,6,1
07:53,[DAL] Sabally Turnover : Lost Ball (1 TO) Steal:Thomas (1 ST),-107,184,5,203826,1630149,,1611661321,0,6,1
07:48,[CON 8-0] Thomas Driving Layup Shot: Made (2 PTS),47,-8,1,,203826,,1611661323,0,8,1
07:36,[DAL] Ogunbowale Turnover : Out of Bounds - Bad Pass Turnover (1 TO),-42,270,5,,1629481,,1611661321,0,8,1
07:24,[DAL] Thornton Foul: Personal (1 PF),162,124,6,201886,203866,,1611661321,0,8,1
07:15,[CON] Bonner 3pt Shot: Missed,165,174,2,,201886,,1611661323,0,8,1
07:10,[DAL] Ndour Rebound (Off:0 Def:2),165,174,4,,203838,,1611661321,0,8,1
06:57,[DAL] Ndour Turnaround Fadeaway Bank Jump Shot: Missed,7,199,2,,203838,,1611661321,0,8,1
06:52,[CON] Bonner Rebound (Off:0 Def:1),7,199,4,,201886,,1611661323,0,8,1
06:51,[CON 10-0] Jones Layup Shot: Made (4 PTS) Assist: Thomas (1 AST),47,11,1,,1628280,203826,1611661323,0,10,1
06:51,[DAL] Ndour Foul: Shooting (1 PF) (1 FTA),36,4,6,1628280,203838,,1611661321,0,10,1
06:51,[CON 11-0] Jones Free Throw 1 of 1 (5 PTS),0,-80,3,,1628280,,1611661323,0,11,1
06:33,[DAL] Thornton 3pt Shot: Missed,-219,83,2,,203866,,1611661321,0,11,1
06:30,[DAL] Jefferson Rebound (Off:1 Def:0),-219,83,4,,1627669,,1611661321,0,11,1
06:26,[DAL] Jefferson Turnover : Lost Ball (1 TO) Steal:Bonner (1 ST),-1,70,5,201886,1627669,,1611661321,0,11,1
06:26,[DAL] Sabally Foul: Personal (1 PF),-5,570,6,201886,1630149,,1611661321,0,11,1
06:13,[CON] Thomas 3pt Shot: Missed,-4,260,2,,202662,,1611661323,0,11,1
06:08,[DAL] Ogunbowale Rebound (Off:0 Def:1),-4,260,4,,1629481,,1611661321,0,11,1
06:06,[DAL] Ogunbowale Foul: Offensive Charge (1 PF),-6,55,6,202662,1629481,,1611661321,0,11,1
06:06,[DAL] Ogunbowale Turnover : Offensive Foul Turnover (2 TO),-6,55,5,,1629481,,1611661321,0,11,1
05:46,[CON] Thomas Driving Layup Shot: Missed,26,53,2,1630149,203826,,1611661323,0,11,1
05:46,[DAL] Team Rebound,26,53,4,,0,,1611661321,0,11,1
05:46,[CON] Jones Foul: Personal (1 PF),-15,773,6,1630149,1628280,,1611661323,0,11,1
05:46,Stoppage Other,0,-80,20,,0,,0,0,11,1
05:32,[DAL] Sabally Turnover : Out of Bounds - Bad Pass Turnover (2 TO),99,233,5,,1630149,,1611661321,0,11,1
05:21,[CON 13-0] Thomas Cutting Finger Roll Layup Shot: Made (4 PTS) Assist: Bonner (1 AST),-22,33,1,,203826,201886,1611661323,0,13,1
05:09,[DAL 2-13] Ogunbowale Pullup Jump shot: Made (2 PTS),-7,173,1,,1629481,,1611661321,2,13,1
04:47,[CON 15-2] Hiedeman Pullup Jump shot: Made (4 PTS),-92,149,1,,1629567,,1611661323,2,15,1
04:31,[DAL 4-15] Ndour Cutting Finger Roll Layup Shot: Made (2 PTS) Assist: Ogunbowale (1 AST),-6,43,1,,203838,1629481,1611661321,4,15,1
04:14,[CON 17-4] Jones Layup Shot: Made (7 PTS) Assist: Thomas (2 AST),53,33,1,,1628280,203826,1611661323,4,17,1
04:00,[DAL 6-17] Ogunbowale Layup Shot: Made (4 PTS),24,38,1,,1629481,,1611661321,6,17,1
04:00,[CON] Jones Foul: Shooting (2 PF) (1 FTA),22,28,6,1629481,1628280,,1611661323,6,17,1
04:00,[DAL] Ndour Substitution replaced by Alarie,0,-80,8,,203838,1630093,1611661321,6,17,1
04:00,[CON] Jones Substitution replaced by Plaisance,0,-80,8,,1628280,203849,1611661323,6,17,1
04:00,[DAL] Ogunbowale Free Throw 1 of 1 Missed,0,-80,3,,1629481,,1611661321,6,17,1
03:55,[DAL] Ogunbowale Rebound (Off:1 Def:1),0,-80,4,,1629481,,1611661321,6,17,1
03:47,[DAL] Ogunbowale 3pt Shot: Missed,2,246,2,,1629481,,1611661321,6,17,1
03:44,[CON] Team Rebound,2,246,4,,0,,1611661323,6,17,1
03:36,[CON] Bonner Turnover : Out of Bounds - Bad Pass Turnover (1 TO),-3,255,5,,201886,,1611661323,6,17,1
03:19,[DAL] Sabally Layup Shot: Missed,-62,37,2,201886,1630149,,1611661321,6,17,1
03:14,[CON] Hiedeman Rebound (Off:0 Def:1),-62,37,4,,1629567,,1611661323,6,17,1
03:13,[CON] Hiedeman Turnover : Bad Pass (1 TO) Steal:Ogunbowale (1 ST),173,140,5,1629481,1629567,,1611661323,6,17,1
03:08,[DAL] Ogunbowale Layup Shot: Missed,-46,31,2,,1629481,,1611661321,6,17,1
03:07,[DAL] Team Rebound,-46,31,4,,0,,1611661321,6,17,1
02:54,[DAL] Jefferson Pullup Jump shot: Missed,-79,163,2,,1627669,,1611661321,6,17,1
02:54,[CON] Team Rebound,-79,163,4,,0,,1611661323,6,17,1
02:54,[DAL] Jefferson Substitution replaced by Harris,0,-80,8,,1627669,1630112,1611661321,6,17,1
02:41,[CON] Plaisance 3pt Shot: Missed,153,199,2,,203849,,1611661323,6,17,1
02:39,[DAL] Sabally Rebound (Off:0 Def:1),153,199,4,,1630149,,1611661321,6,17,1
02:19,[DAL 8-17] Alarie Layup Shot: Made (2 PTS) Assist: Harris (1 AST),-18,45,1,,1630093,1630112,1611661321,8,17,1
01:59,[CON] Plaisance 3pt Shot: Missed,-172,201,2,,203849,,1611661323,8,17,1
01:56,[CON] Thomas Rebound (Off:1 Def:2),-172,201,4,,203826,,1611661323,8,17,1
01:46,[CON] Bonner 3pt Shot: Missed,208,146,2,,201886,,1611661323,8,17,1
01:43,[DAL] Thornton Rebound (Off:0 Def:1),208,146,4,,203866,,1611661321,8,17,1
01:29,[DAL] Sabally 3pt Shot: Missed,-225,117,2,,1630149,,1611661321,8,17,1
01:26,[CON] Thomas Rebound (Off:1 Def:3),-225,117,4,,203826,,1611661323,8,17,1
01:23,[CON] Hiedeman Pullup Jump shot: Missed,-85,52,2,,1629567,,1611661323,8,17,1
01:20,[DAL] Alarie Rebound (Off:0 Def:1),-85,52,4,,1630093,,1611661321,8,17,1
01:16,[DAL] Ogunbowale Pullup Jump shot: Missed,-12,148,2,,1629481,,1611661321,8,17,1
01:12,[CON] Plaisance Rebound (Off:0 Def:1),-12,148,4,,203849,,1611661323,8,17,1
00:55.4,[CON 19-8] Thomas Layup Shot: Made (6 PTS) Assist: Thomas (2 AST),8,32,1,,203826,202662,1611661323,8,19,1
00:45.9,[DAL] Sabally Turnover : Lost Ball (3 TO) Steal:Bonner (2 ST),-8,250,5,201886,1630149,,1611661321,8,19,1
00:43.0,[CON 21-8] Bonner Layup Shot: Made (2 PTS),6,15,1,,201886,,1611661323,8,21,1
00:28.3,[DAL] Harris Turnover : Bad Pass (1 TO) Steal:Plaisance (1 ST),-12,61,5,203849,1630112,,1611661321,8,21,1
00:11.9,[CON 23-8] Thomas Layup Shot: Made (8 PTS) Assist: Thomas (3 AST),30,20,1,,203826,202662,1611661323,8,23,1
00:03.2,[CON] Thomas Foul: Personal (1 PF),-64,340,6,1629481,202662,,1611661323,8,23,1
00:03.2,[DAL] Sabally Substitution replaced by Samuelson,0,-80,8,,1630149,1629478,1611661321,8,23,1
00:03.2,[DAL] Thornton Substitution replaced by Gray,0,-80,8,,203866,1628277,1611661321,8,23,1
00:00.1,[DAL] Gray 3pt Shot: Missed,-54,280,2,,1628277,,1611661321,8,23,1
00:00.1,[DAL] Team Rebound,-54,280,4,,0,,1611661321,8,23,1
00:00.0,End Period,0,-80,13,,0,,0,8,23,1
10:00,Start Period,0,-80,12,,0,,0,8,23,2
09:46,[CON] Holmes Foul: Personal (1 PF),47,35,6,1630112,1627678,,1611661323,8,23,2
09:35,[DAL 11-23] Harris 3pt Shot: Made (3 PTS) Assist: Gray (1 AST),-200,174,1,,1630112,1628277,1611661321,11,23,2
09:17,[CON] Thomas Jump Shot: Missed,-191,15,2,,202662,,1611661323,11,23,2
09:12,[CON] Jones Rebound (Off:1 Def:0),-191,15,4,,1628280,,1611661323,11,23,2
09:12,[CON 25-11] Jones Putback Layup Shot: Made (9 PTS),0,-5,1,,1628280,,1611661323,11,25,2
08:52,[DAL] Samuelson Turnover : Bad Pass (1 TO) Steal:Jones (1 ST),-202,39,5,1628280,1629478,,1611661321,11,25,2
08:47,[CON 27-11] Holmes Layup Shot: Made (2 PTS) Assist: Thomas (3 AST),70,1,1,,1627678,203826,1611661323,11,27,2
08:41,[DAL] Team Timeout : Regular,0,-80,9,,1611661321,,1611661321,11,27,2
08:30,[DAL] Gray Layup Shot: Missed,-104,5,2,,1628277,,1611661321,11,27,2
08:30,[DAL] Team Rebound,-104,5,4,,0,,1611661321,11,27,2
08:30,[CON] Jones Foul: Loose Ball (3 PF),-100,80,6,1628277,1628280,,1611661323,11,27,2
08:30,[CON] Jones Substitution replaced by Bonner,0,-80,8,,1628280,201886,1611661323,11,27,2
08:16,[DAL 14-27] Ogunbowale 3pt Shot: Made (7 PTS) Assist: Alarie (1 AST),-195,183,1,,1629481,1630093,1611661321,14,27,2
07:56,[CON 30-14] Holmes 3pt Shot: Made (5 PTS) Assist: Thomas (4 AST),-228,60,1,,1627678,202662,1611661323,14,30,2
07:43,[DAL 17-30] Gray 3pt Shot: Made (3 PTS),-47,241,1,,1628277,,1611661321,17,30,2
07:21,[CON] Holmes 3pt Shot: Missed,-139,219,2,,1627678,,1611661323,17,30,2
07:16,[DAL] Alarie Rebound (Off:0 Def:2),-139,219,4,,1630093,,1611661321,17,30,2
07:03,[DAL] Alarie Foul: Personal (1 PF),-79,11,6,202662,1630093,,1611661321,17,30,2
07:03,[DAL] Alarie Turnover : Lost Ball (1 TO) Steal:Thomas (1 ST),-87,6,5,202662,1630093,,1611661321,17,30,2
07:03,[DAL] Alarie Substitution replaced by Harrison,0,-80,8,,1630093,204330,1611661321,17,30,2
07:03,[DAL] Samuelson Substitution replaced by Thornton,0,-80,8,,1629478,203866,1611661321,17,30,2
06:52,[CON] Thomas Pullup Jump shot: Missed,53,165,2,,202662,,1611661323,17,30,2
06:49,[DAL] Ogunbowale Rebound (Off:1 Def:2),53,165,4,,1629481,,1611661321,17,30,2
06:42,[DAL] Gray 3pt Shot: Missed,-70,254,2,,1628277,,1611661321,17,30,2
06:38,[CON] Bonner Rebound (Off:0 Def:2),-70,254,4,,201886,,1611661323,17,30,2
06:36,[CON] Bonner Turnover : Out of Bounds - Bad Pass Turnover (2 TO),-219,336,5,,201886,,1611661323,17,30,2
06:25,[DAL] Ogunbowale Jump Shot: Missed,-54,179,2,,1629481,,1611661321,17,30,2
06:20,[DAL] Harrison Rebound (Off:1 Def:0),-54,179,4,,204330,,1611661321,17,30,2
06:20,[DAL 19-30] Harrison Putback Layup Shot: Made (2 PTS),0,-5,1,,204330,,1611661321,19,30,2
06:08,[DAL] Harris Foul: Shooting (1 PF) (2 FTA),81,8,6,202662,1630112,,1611661321,19,30,2
06:08,[CON 31-19] Thomas Free Throw 1 of 2 (3 PTS),0,-80,3,,202662,,1611661323,19,31,2
06:08,[CON 32-19] Thomas Free Throw 2 of 2 (4 PTS),0,-80,3,,202662,,1611661323,19,32,2
05:52,[DAL 22-32] Ogunbowale 3pt Shot: Made (10 PTS) Assist: Harris (2 AST),-223,112,1,,1629481,1630112,1611661321,22,32,2
05:41,[CON] Thomas Turnover : Bad Pass (1 TO) Steal:Harris (1 ST),43,24,5,1630112,202662,,1611661323,22,32,2
05:29,[DAL 24-32] Harris Driving Finger Roll Layup Shot: Made (5 PTS),-17,53,1,,1630112,,1611661321,24,32,2
05:29,[CON] Team Timeout : Regular,0,-80,9,,1611661323,,1611661323,24,32,2
05:29,[CON] Mosqueda-Lewis Substitution replaced by Hiedeman,0,-80,8,,204321,1629567,1611661323,24,32,2
05:29,[CON] Holmes Substitution replaced by Charles,0,-80,8,,1627678,1630097,1611661323,24,32,2
05:18,[CON] Thomas Turnover : Out of Bounds - Bad Pass Turnover (1 TO),221,149,5,,203826,,1611661323,24,32,2
05:10,[DAL] Gray Turnover : Step Out of Bounds Turnover (1 TO),171,6,5,,1628277,,1611661321,24,32,2
05:00,[CON] Thomas 3pt Shot: Missed,-127,210,2,,202662,,1611661323,24,32,2
04:56,[DAL] Thornton Rebound (Off:0 Def:2),-127,210,4,,203866,,1611661321,24,32,2
04:51,[DAL] Thornton Turnover : Traveling (1 TO),-129,247,5,,203866,,1611661321,24,32,2
04:38,[DAL] Thornton Foul: Shooting (2 PF) (2 FTA),-8,161,6,201886,203866,,1611661321,24,32,2
04:38,[CON 33-24] Bonner Free Throw 1 of 2 (3 PTS),0,-80,3,,201886,,1611661323,24,33,2
04:38,[DAL] Harris Substitution replaced by Mabrey,0,-80,8,,1630112,1629497,1611661321,24,33,2
04:38,[CON 34-24] Bonner Free Throw 2 of 2 (4 PTS),0,-80,3,,201886,,1611661323,24,34,2
04:22,[DAL 26-34] Ogunbowale Pullup Jump shot: Made (12 PTS),-2,156,1,,1629481,,1611661321,26,34,2
04:07,[CON 37-26] Charles 3pt Shot: Made (3 PTS) Assist: Thomas (5 AST),228,53,1,,1630097,202662,1611661323,26,37,2
03:49,[DAL] Mabrey 3pt Shot: Missed,-230,53,2,,1629497,,1611661321,26,37,2
03:46,[CON] Bonner Rebound (Off:0 Def:3),-230,53,4,,201886,,1611661323,26,37,2
03:36,[CON] Hiedeman 3pt Shot: Missed,57,237,2,,1629567,,1611661323,26,37,2
03:33,[CON] Team Rebound,57,237,4,,0,,1611661323,26,37,2
03:33,[DAL] Mabrey Foul: Loose Ball (1 PF),79,9,6,1630097,1629497,,1611661321,26,37,2
03:28,[CON 39-26] Thomas Driving Finger Roll Layup Shot: Made (6 PTS),-20,16,1,,202662,,1611661323,26,39,2
03:11,[DAL] Thornton Layup Shot: Missed,61,28,2,,203866,,1611661321,26,39,2
03:09,[DAL] Thornton Rebound (Off:1 Def:2),61,28,4,,203866,,1611661321,26,39,2
03:09,[DAL] Thornton Turnover : Lost Ball (2 TO) Steal:Thomas (2 ST),-57,51,5,202662,203866,,1611661321,26,39,2
03:09,[DAL] Thornton Foul: Personal (3 PF) (2 FTA),102,667,6,202662,203866,,1611661321,26,39,2
03:09,[CON 40-26] Thomas Free Throw 1 of 2 (7 PTS),0,-80,3,,202662,,1611661323,26,40,2
03:09,[DAL] Gray Substitution replaced by Sabally,0,-80,8,,1628277,1630149,1611661321,26,40,2
03:09,[CON 41-26] Thomas Free Throw 2 of 2 (8 PTS),0,-80,3,,202662,,1611661323,26,41,2
03:01,[CON] Thomas Foul: Personal (2 PF),-2,71,6,1629481,202662,,1611661323,26,41,2
03:01,[CON] Thomas Substitution replaced by Holmes,0,-80,8,,202662,1627678,1611661323,26,41,2
02:52,[DAL] Harrison Jump Shot: Missed,15,219,2,,204330,,1611661321,26,41,2
02:49,[CON] Holmes Rebound (Off:0 Def:1),15,219,4,,1627678,,1611661323,26,41,2
02:27,[CON] Bonner Turnover : Lost Ball (3 TO) Steal:Mabrey (1 ST),193,186,5,1629497,201886,,1611661323,26,41,2
02:16,[DAL] Thornton 3pt Shot: Missed,226,94,2,,203866,,1611661321,26,41,2
02:15,[DAL] Team Rebound,226,94,4,,0,,1611661321,26,41,2
02:15,[CON] Charles Foul: Loose Ball (1 PF),-70,37,6,203866,1630097,,1611661323,26,41,2
02:15,[DAL] Mabrey Substitution replaced by Harris,0,-80,8,,1629497,1630112,1611661321,26,41,2
02:11,[CON] Thomas Foul: Personal (1 PF) (2 FTA),-175,257,6,1629481,203826,,1611661323,26,41,2
02:11,[DAL] Ogunbowale Free Throw 1 of 2 Missed,0,-80,3,,1629481,,1611661321,26,41,2
02:11,[DAL] Team Rebound,0,-80,4,,0,,1611661321,26,41,2
02:11,[DAL 27-41] Ogunbowale Free Throw 2 of 2 (13 PTS),0,-80,3,,1629481,,1611661321,27,41,2
01:57,[CON] Holmes Jump Shot: Missed,-172,3,2,,1627678,,1611661323,27,41,2
01:54,[DAL] Ogunbowale Rebound (Off:1 Def:3),-172,3,4,,1629481,,1611661321,27,41,2
01:50,[DAL] Ogunbowale Layup Shot: Missed,49,59,2,,1629481,,1611661321,27,41,2
01:47,[CON] Bonner Rebound (Off:0 Def:4),49,59,4,,201886,,1611661323,27,41,2
01:39,[CON] Holmes 3pt Shot: Missed,-222,38,2,,1627678,,1611661323,27,41,2
01:36,[DAL] Harrison Rebound (Off:1 Def:1),-222,38,4,,204330,,1611661321,27,41,2
01:20,[DAL] Sabally Pullup Jump shot: Missed,-2,117,2,,1630149,,1611661321,27,41,2
01:17,[CON] Bonner Rebound (Off:0 Def:5),-2,117,4,,201886,,1611661323,27,41,2
01:06,[CON] Holmes Layup Shot: Missed,2,15,2,,1627678,,1611661323,27,41,2
01:03,[DAL] Harrison Rebound (Off:1 Def:2),2,15,4,,204330,,1611661321,27,41,2
01:00,Stoppage: Out-of-Bounds,0,-80,20,,0,,0,27,41,2
00:47.7,[DAL 29-41] Sabally Driving Layup Shot: Made (2 PTS),-6,114,1,,1630149,,1611661321,29,41,2
00:42.4,[CON] Holmes Jump Shot: Missed,-92,142,2,,1627678,,1611661323,29,41,2
00:38.7,[DAL] Harris Rebound (Off:0 Def:1),-92,142,4,,1630112,,1611661321,29,41,2
00:36.6,[DAL 31-41] Sabally Layup Shot: Made (4 PTS) Assist: Harris (3 AST),42,29,1,,1630149,1630112,1611661321,31,41,2
00:36.6,[CON] Team Timeout : Regular,0,-80,9,,1611661323,,1611661323,31,41,2
00:36.6,[CON] Team Violation : Delay Of Game,0,-80,7,,0,,1611661323,31,41,2
00:36.6,[DAL] Team Violation : Delay Of Game,0,-80,7,,0,,1611661321,31,41,2
00:36.6,[CON] Thomas Substitution replaced by Mosqueda-Lewis,0,-80,8,,203826,204321,1611661323,31,41,2
00:36.6,[CON] Holmes Substitution replaced by Mompremier,0,-80,8,,1627678,1629492,1611661323,31,41,2
00:22.3,[DAL] Thornton Foul: Personal (4 PF) (2 FTA),25,241,6,1629567,203866,,1611661321,31,41,2
00:22.3,[CON 42-31] Hiedeman Free Throw 1 of 2 (5 PTS),0,-80,3,,1629567,,1611661323,31,42,2
00:22.3,[DAL] Thornton Substitution replaced by Samuelson,0,-80,8,,203866,1629478,1611661321,31,42,2
00:22.3,[CON 43-31] Hiedeman Free Throw 2 of 2 (6 PTS),0,-80,3,,1629567,,1611661323,31,43,2
00:02.2,[DAL] Sabally 3pt Shot: Missed,-232,76,2,,1630149,,1611661321,31,43,2
00:02.2,[CON] Mosqueda-Lewis Rebound (Off:0 Def:1),-232,76,4,,204321,,1611661323,31,43,2
00:00.0,End Period,0,-80,13,,0,,0,31,43,2
10:00,Start Period,0,-80,12,,0,,0,31,43,3
09:46,[DAL] Harrison Turnover : Traveling (1 TO),-36,140,5,,204330,,1611661321,31,43,3
09:29,[CON 45-31] Thomas Pullup Jump shot: Made (10 PTS) Assist: Thomas (4 AST),83,167,1,,202662,203826,1611661323,31,45,3
09:15,[DAL] Ogunbowale Turnover : Bad Pass (3 TO) Steal:Bonner (3 ST),-10,245,5,201886,1629481,,1611661321,31,45,3
09:08,[CON] Hiedeman Layup Shot: Missed,-25,3,2,,1629567,,1611661323,31,45,3
09:03,[CON] Bonner Rebound (Off:1 Def:5),-25,3,4,,201886,,1611661323,31,45,3
09:03,[CON 47-31] Bonner Putback Layup Shot: Made (6 PTS),0,-5,1,,201886,,1611661323,31,47,3
08:41,[DAL 34-47] Gray 3pt Shot: Made (6 PTS) Assist: Ogunbowale (2 AST),-154,208,1,,1628277,1629481,1611661321,34,47,3
08:22,[CON] Jones Hook Shot: Missed,44,40,2,,1628280,,1611661323,34,47,3
08:17,[DAL] Harrison Rebound (Off:1 Def:3),44,40,4,,204330,,1611661321,34,47,3
08:10,[DAL 36-47] Sabally Driving Finger Roll Layup Shot: Made (6 PTS),36,-8,1,,1630149,,1611661321,36,47,3
07:53,[CON 49-36] Thomas Pullup Jump shot: Made (12 PTS),-71,156,1,,202662,,1611661323,36,49,3
07:29,[DAL 38-49] Harrison Layup Shot: Made (4 PTS) Assist: Sabally (1 AST),-31,19,1,,204330,1630149,1611661321,38,49,3
07:05,[CON 51-38] Jones Layup Shot: Made (11 PTS) Assist: Hiedeman (2 AST),-19,16,1,,1628280,1629567,1611661323,38,51,3
06:38,[DAL] Team Turnover : Shot Clock Turnover,-159,503,5,,0,,1611661321,38,51,3
06:38,[DAL] Harrison Substitution replaced by Alarie,0,-80,8,,204330,1630093,1611661321,38,51,3
06:31,[CON] Thomas Turnover : Bad Pass (2 TO) Steal:Alarie (1 ST),-36,22,5,1630093,202662,,1611661323,38,51,3
06:25,[DAL] Jefferson 3pt Shot: Missed,218,102,2,,1627669,,1611661321,38,51,3
06:25,[CON] Team Rebound,218,102,4,,0,,1611661323,38,51,3
06:08,[CON 53-38] Jones Layup Shot: Made (13 PTS) Assist: Thomas (6 AST),49,34,1,,1628280,202662,1611661323,38,53,3
05:45,[DAL] Sabally Turnover : Traveling (4 TO),-131,226,5,,1630149,,1611661321,38,53,3
05:30,[CON] Jones Turnover : Lost Ball (1 TO) Steal:Alarie (2 ST),-20,64,5,1630093,1628280,,1611661323,38,53,3
05:30,[CON] Thomas Foul: Personal (2 PF),-10,776,6,1630149,203826,,1611661323,38,53,3
05:30,[CON] Thomas Technical (1 FTA),0,-80,6,,203826,,1611661323,38,53,3
05:30,[DAL] Gray Free Throw Technical Missed,0,-80,3,,1628277,,1611661321,38,53,3
05:30,[DAL] Team Rebound,0,-80,4,,0,,1611661321,38,53,3
05:11,[DAL] Gray 3pt Shot: Missed,7,247,2,,1628277,,1611661321,38,53,3
05:07,[CON] Jones Rebound (Off:1 Def:1),7,247,4,,1628280,,1611661323,38,53,3
05:03,[CON] Hiedeman Turnover : Out of Bounds - Bad Pass Turnover (2 TO),-230,136,5,,1629567,,1611661323,38,53,3
05:03,[DAL] Gray Substitution replaced by Thornton,0,-80,8,,1628277,203866,1611661321,38,53,3
04:40,[DAL] Ogunbowale 3pt Shot: Missed,-197,162,2,,1629481,,1611661321,38,53,3
04:36,[CON] Hiedeman Rebound (Off:0 Def:2),-197,162,4,,1629567,,1611661323,38,53,3
04:30,[CON 56-38] Hiedeman 3pt Shot: Made (9 PTS) Assist: Thomas (5 AST),-182,193,1,,1629567,203826,1611661323,38,56,3
04:11,[CON] Bonner Foul: Personal (1 PF),-24,165,6,1630149,201886,,1611661323,38,56,3
04:11,Timeout Officials,0,-80,9,,0,,0,38,56,3
04:11,[DAL] Jefferson Substitution replaced by Harris,0,-80,8,,1627669,1630112,1611661321,38,56,3
03:59,[DAL] Sabally 3pt Shot: Missed,-213,138,2,,1630149,,1611661321,38,56,3
03:55,[CON] Thomas Rebound (Off:1 Def:4),-213,138,4,,203826,,1611661323,38,56,3
03:34,[CON] Bonner Jump Shot: Missed,142,109,2,,201886,,1611661323,38,56,3
03:33,[CON] Team Rebound,142,109,4,,0,,1611661323,38,56,3
03:33,[CON] Team Turnover : Shot Clock Turnover,-131,70,5,,0,,1611661323,38,56,3
03:33,Instant Replay - Support Ruling,0,-80,18,,0,,0,38,56,3
03:23,[DAL 41-56] Thornton 3pt Shot: Made (3 PTS) Assist: Ogunbowale (3 AST),-204,122,1,,203866,1629481,1611661321,41,56,3
03:07,[CON 58-41] Thomas Jump Shot: Made (14 PTS),119,158,1,,202662,,1611661323,41,58,3
02:56,[DAL 43-58] Thornton Layup Shot: Made (5 PTS) Assist: Harris (4 AST),-49,-21,1,,203866,1630112,1611661321,43,58,3
02:35,[CON] Jones Layup Shot: Missed,59,21,2,,1628280,,1611661323,43,58,3
02:32,[CON] Jones Rebound (Off:2 Def:1),59,21,4,,1628280,,1611661323,43,58,3
02:32,[CON 60-43] Jones Putback Layup Shot: Made (15 PTS),0,-5,1,,1628280,,1611661323,43,60,3
02:18,[DAL] Ogunbowale 3pt Shot: Missed,-164,192,2,,1629481,,1611661321,43,60,3
02:14,[DAL] Thornton Rebound (Off:2 Def:2),-164,192,4,,203866,,1611661321,43,60,3
02:03,[DAL] Thornton Turnover : Bad Pass (3 TO) Steal:Thomas (3 ST),182,187,5,202662,203866,,1611661321,43,60,3
01:59,[CON 63-43] Hiedeman 3pt Shot: Made (12 PTS) Assist: Thomas (7 AST),-178,214,1,,1629567,202662,1611661323,43,63,3
01:52,[DAL] Thornton 3pt Shot: Missed,-221,89,2,,203866,,1611661321,43,63,3
01:52,[CON] Jones Rebound (Off:2 Def:2),-221,89,4,,1628280,,1611661323,43,63,3
01:44,[CON 65-43] Bonner Layup Shot: Made (8 PTS) Assist: Hiedeman (3 AST),75,26,1,,201886,1629567,1611661323,43,65,3
01:35,[DAL] Team Timeout : Regular,0,-80,9,,1611661321,,1611661321,43,65,3
01:35,[DAL] Sabally Substitution replaced by Harrison,0,-80,8,,1630149,204330,1611661321,43,65,3
01:35,[CON] Hiedeman Substitution replaced by Charles,0,-80,8,,1629567,1630097,1611661323,43,65,3
01:35,[CON] Jones Substitution replaced by Plaisance,0,-80,8,,1628280,203849,1611661323,43,65,3
01:23,[DAL 45-65] Harris Layup Shot: Made (7 PTS),45,-11,1,,1630112,,1611661321,45,65,3
01:23,[CON] Plaisance Foul: Shooting (1 PF) (1 FTA),45,-8,6,1630112,203849,,1611661323,45,65,3
01:23,[DAL 46-65] Harris Free Throw 1 of 1 (8 PTS),0,-80,3,,1630112,,1611661321,46,65,3
01:10,[CON] Plaisance 3pt Shot: Missed,-226,53,2,,203849,,1611661323,46,65,3
01:05,[CON] Charles Rebound (Off:1 Def:0),-226,53,4,,1630097,,1611661323,46,65,3
01:05,[CON 67-46] Charles Putback Layup Shot: Made (5 PTS),0,-5,1,,1630097,,1611661323,46,67,3
00:43.4,[DAL] Harris Driving Finger Roll Layup Shot: Missed,12,57,2,,1630112,,1611661321,46,67,3
00:41.2,[CON] Thomas Rebound (Off:1 Def:5),12,57,4,,203826,,1611661323,46,67,3
00:33.2,[CON 69-46] Thomas Turnaround Hook Shot: Made (10 PTS) Assist: Bonner (2 AST),21,67,1,,203826,201886,1611661323,46,69,3
00:24.9,[DAL 48-69] Ogunbowale Pullup Jump shot: Made (15 PTS),-58,76,1,,1629481,,1611661321,48,69,3
00:00.1,[CON] Charles Turnover : Lost Ball (1 TO) Steal:Ogunbowale (2 ST),194,200,5,1629481,1630097,,1611661323,48,69,3
00:00.0,End Period,0,-80,13,,0,,0,48,69,3
10:00,Start Period,0,-80,12,,0,,0,48,69,4
09:48,[CON] Thomas Turnover : Bad Pass (3 TO) Steal:Harrison (1 ST),19,142,5,204330,202662,,1611661323,48,69,4
09:48,[DAL] Harrison Turnover : Traveling (2 TO),76,639,5,,204330,,1611661321,48,69,4
09:43,[CON 71-48] Plaisance Layup Shot: Made (2 PTS) Assist: Thomas (8 AST),13,77,1,,203849,202662,1611661323,48,71,4
09:43,[DAL] Jefferson Foul: Shooting (1 PF) (1 FTA),-13,38,6,203849,1627669,,1611661321,48,71,4
09:43,[CON] Plaisance Free Throw 1 of 1 Missed,0,-80,3,,203849,,1611661323,48,71,4
09:42,[CON] Team Rebound,0,-80,4,,0,,1611661323,48,71,4
09:42,[DAL] Thornton Foul: Loose Ball (5 PF),-13,56,6,1630097,203866,,1611661321,48,71,4
09:42,[DAL] Thornton Substitution replaced by Gray,0,-80,8,,203866,1628277,1611661321,48,71,4
09:29,[CON] Mosqueda-Lewis 3pt Shot: Missed,-234,23,2,,204321,,1611661323,48,71,4
09:27,[CON] Team Rebound,-234,23,4,,0,,1611661323,48,71,4
09:19,[CON 73-48] Mosqueda-Lewis Floating Jump shot: Made (2 PTS) Assist: Thomas (9 AST),22,86,1,,204321,202662,1611661323,48,73,4
09:05,[DAL] Ogunbowale Layup Shot: Missed,31,10,2,,1629481,,1611661321,48,73,4
09:03,[DAL] Jefferson Rebound (Off:2 Def:0),31,10,4,,1627669,,1611661321,48,73,4
08:53,[DAL] Harrison 3pt Shot: Missed,12,239,2,,204330,,1611661321,48,73,4
08:51,[DAL] Team Rebound,12,239,4,,0,,1611661321,48,73,4
08:51,[CON] Plaisance Foul: Loose Ball (2 PF),6,35,6,1629484,203849,,1611661323,48,73,4
08:42,[DAL] Gray 3pt Shot: Missed,230,68,2,,1628277,,1611661321,48,73,4
08:39,[DAL] Harrison Rebound (Off:2 Def:3),230,68,4,,204330,,1611661321,48,73,4
08:38,[DAL 50-73] Harrison Pullup Jump shot: Made (6 PTS),125,-7,1,,204330,,1611661321,50,73,4
08:20,[CON] Thomas Driving Finger Roll Layup Shot: Missed,47,61,2,,203826,,1611661323,50,73,4
08:18,[DAL] Gustafson Rebound (Off:0 Def:1),47,61,4,,1629484,,1611661321,50,73,4
08:13,[DAL 52-73] Harrison Pullup Jump shot: Made (8 PTS),-13,92,1,,204330,,1611661321,52,73,4
08:13,[CON] Plaisance Foul: Shooting (3 PF) (1 FTA),-15,94,6,204330,203849,,1611661323,52,73,4
08:13,[DAL 53-73] Harrison Free Throw 1 of 1 (9 PTS),0,-80,3,,204330,,1611661321,53,73,4
08:02,[CON] Thomas Turnover : Out of Bounds Lost Ball Turnover (4 TO),132,-9,5,,202662,,1611661323,53,73,4
08:02,Stoppage: Court Cleanup,0,-80,20,,0,,0,53,73,4
07:40,[DAL] Gustafson Layup Shot: Missed,-59,40,2,203849,1629484,,1611661321,53,73,4
07:36,[DAL] Gustafson Rebound (Off:1 Def:1),-59,40,4,,1629484,,1611661321,53,73,4
07:36,[DAL] Gustafson Putback Layup Shot: Missed,-39,11,2,,1629484,,1611661321,53,73,4
07:36,[CON] Team Rebound,-39,11,4,,0,,1611661323,53,73,4
07:36,[CON] Plaisance Substitution replaced by Jones,0,-80,8,,203849,1628280,1611661323,53,73,4
07:23,[CON] Thomas Layup Shot: Missed,50,29,2,,203826,,1611661323,53,73,4
07:20,[DAL] Harrison Rebound (Off:2 Def:4),50,29,4,,204330,,1611661321,53,73,4
07:09,[DAL] Jefferson Floating Jump shot: Missed,-2,97,2,,1627669,,1611661321,53,73,4
07:08,[DAL] Harrison Rebound (Off:3 Def:4),-2,97,4,,204330,,1611661321,53,73,4
07:08,[DAL 55-73] Harrison Putback Layup Shot: Made (11 PTS),0,-5,1,,204330,,1611661321,55,73,4
07:08,[CON] Thomas Foul: Shooting (4 PF) (1 FTA),22,14,6,204330,203826,,1611661323,55,73,4
07:08,[DAL 56-73] Harrison Free Throw 1 of 1 (12 PTS),0,-80,3,,204330,,1611661321,56,73,4
06:59,[DAL] Gustafson Foul: Personal (1 PF),-14,49,6,1628280,1629484,,1611661321,56,73,4
06:43,[CON] Thomas Pullup Jump shot: Missed,-75,110,2,,202662,,1611661323,56,73,4
06:43,[DAL] Jefferson Rebound (Off:2 Def:1),-75,110,4,,1627669,,1611661321,56,73,4
06:43,[CON] Charles Foul: Personal (2 PF),-99,719,6,1627669,1630097,,1611661323,56,73,4
06:43,[CON] Charles Substitution replaced by Bonner,0,-80,8,,1630097,201886,1611661323,56,73,4
06:43,[CON] Thomas Substitution replaced by Hiedeman,0,-80,8,,202662,1629567,1611661323,56,73,4
06:23,[DAL] Harrison Layup Shot: Missed,30,92,2,,204330,,1611661321,56,73,4
06:20,[CON] Mosqueda-Lewis Rebound (Off:0 Def:2),30,92,4,,204321,,1611661323,56,73,4
06:11,[DAL] Harrison Foul: Shooting (1 PF) (2 FTA),-68,18,6,203826,204330,,1611661321,56,73,4
06:11,[CON 74-56] Thomas Free Throw 1 of 2 (11 PTS),0,-80,3,,203826,,1611661323,56,74,4
06:11,[DAL] Jefferson Substitution replaced by Harris,0,-80,8,,1627669,1630112,1611661321,56,74,4
06:11,[CON 75-56] Thomas Free Throw 2 of 2 (12 PTS),0,-80,3,,203826,,1611661323,56,75,4
05:51,[DAL] Harris Driving Finger Roll Layup Shot: Missed,-37,20,2,,1630112,,1611661321,56,75,4
05:48,[CON] Thomas Rebound (Off:1 Def:6),-37,20,4,,203826,,1611661323,56,75,4
05:45,[CON] Thomas Turnover : Bad Pass (2 TO) Steal:Ogunbowale (3 ST),-73,184,5,1629481,203826,,1611661323,56,75,4
05:39,[DAL 58-75] Ogunbowale Layup Shot: Made (17 PTS),29,26,1,,1629481,,1611661321,58,75,4
05:23,[DAL] Team Timeout : Regular,0,-80,9,,1611661321,,1611661321,58,75,4
05:23,Instant Replay - Overturn Ruling,0,-80,18,,0,,0,58,75,4
05:23,[DAL] Ogunbowale Foul: Personal (2 PF) (2 FTA),-20,206,6,203826,1629481,,1611661321,58,75,4
05:23,[CON] Thomas Free Throw 1 of 2 Missed,0,-80,3,,203826,,1611661323,58,75,4
05:23,[CON] Team Rebound,0,-80,4,,0,,1611661323,58,75,4
05:23,[CON 76-58] Thomas Free Throw 2 of 2 (13 PTS),0,-80,3,,203826,,1611661323,58,76,4
05:13,[DAL 60-76] Harris Running Pull-Up Jump Shot: Made (10 PTS),123,95,1,,1630112,,1611661321,60,76,4
04:56,[CON] Mosqueda-Lewis Turnover : Lost Ball (1 TO) Steal:Harris (2 ST),-9,13,5,1630112,204321,,1611661323,60,76,4
04:44,[DAL] Gustafson 3pt Shot: Missed,226,72,2,,1629484,,1611661321,60,76,4
04:42,[CON] Bonner Rebound (Off:1 Def:6),226,72,4,,201886,,1611661323,60,76,4
04:27,[CON] Jones Jump Shot: Missed,-118,162,2,,1628280,,1611661323,60,76,4
04:23,[DAL] Gustafson Rebound (Off:1 Def:2),-118,162,4,,1629484,,1611661321,60,76,4
04:11,[CON] Jones Foul: Shooting (4 PF) (2 FTA),23,-7,6,1629484,1628280,,1611661323,60,76,4
04:11,[DAL] Gustafson Free Throw 1 of 2 Missed,0,-80,3,,1629484,,1611661321,60,76,4
04:11,[DAL] Team Rebound,0,-80,4,,0,,1611661321,60,76,4
04:11,[DAL] Gustafson Free Throw 2 of 2 Missed,0,-80,3,,1629484,,1611661321,60,76,4
04:09,[CON] Thomas Rebound (Off:1 Def:7),0,-80,4,,203826,,1611661323,60,76,4
04:00,[CON] Jones Jump Shot: Missed,138,92,2,,1628280,,1611661323,60,76,4
03:56,[DAL] Harrison Rebound (Off:3 Def:5),138,92,4,,204330,,1611661321,60,76,4
03:45,[DAL] Harrison Pullup Jump shot: Missed,-5,156,2,,204330,,1611661321,60,76,4
03:42,[CON] Thomas Rebound (Off:1 Def:8),-5,156,4,,203826,,1611661323,60,76,4
03:37,[CON] Mosqueda-Lewis 3pt Shot: Missed,-229,11,2,,204321,,1611661323,60,76,4
03:37,[DAL] Harrison Rebound (Off:3 Def:6),-229,11,4,,204330,,1611661321,60,76,4
03:26,[DAL] Harris 3pt Shot: Missed,207,150,2,,1630112,,1611661321,60,76,4
03:21,[CON] Jones Rebound (Off:2 Def:3),207,150,4,,1628280,,1611661323,60,76,4
03:09,[CON] Hiedeman 3pt Shot: Missed,220,148,2,,1629567,,1611661323,60,76,4
02:58,[CON] Thomas Rebound (Off:2 Def:8),220,148,4,,203826,,1611661323,60,76,4
02:58,[CON 78-60] Thomas Putback Layup Shot: Made (15 PTS),0,-5,1,,203826,,1611661323,60,78,4
02:56,[DAL] Gray Layup Shot: Missed,-35,41,2,,1628277,,1611661321,60,78,4
02:52,[CON] Mosqueda-Lewis Rebound (Off:0 Def:3),-35,41,4,,204321,,1611661323,60,78,4
02:52,[CON] Team Timeout : Regular,0,-80,9,,1611661323,,1611661323,60,78,4
02:52,[DAL] Ogunbowale Substitution replaced by Mabrey,0,-80,8,,1629481,1629497,1611661321,60,78,4
02:52,[CON] Bonner Substitution replaced by Holmes,0,-80,8,,201886,1627678,1611661323,60,78,4
02:52,[CON] Thomas Substitution replaced by Mompremier,0,-80,8,,203826,1629492,1611661323,60,78,4
02:42,[DAL] Harrison Foul: Shooting (2 PF) (2 FTA),-12,31,6,1628280,204330,,1611661321,60,78,4
02:42,[CON 79-60] Jones Free Throw 1 of 2 (16 PTS),0,-80,3,,1628280,,1611661323,60,79,4
02:42,[CON 80-60] Jones Free Throw 2 of 2 (17 PTS),0,-80,3,,1628280,,1611661323,60,80,4
02:29,[DAL] Harrison Layup Shot: Missed,39,42,2,1629492,204330,,1611661321,60,80,4
02:25,[DAL] Mabrey Rebound (Off:1 Def:0),39,42,4,,1629497,,1611661321,60,80,4
02:24,[DAL] Mabrey 3pt Shot: Missed,236,102,2,,1629497,,1611661321,60,80,4
02:24,[CON] Team Rebound,236,102,4,,0,,1611661323,60,80,4
01:59,[CON 82-60] Hiedeman Hook Shot: Made (14 PTS),-40,117,1,,1629567,,1611661323,60,82,4
01:53,[DAL 62-82] Gustafson Layup Shot: Made (2 PTS) Assist: Harris (5 AST),-17,25,1,,1629484,1630112,1611661321,62,82,4
01:43,[DAL] Ogunbowale Technical (1 FTA),0,-80,6,,1629481,,1611661321,62,82,4
01:43,[CON] Mosqueda-Lewis Free Throw Technical Missed,0,-80,3,,204321,,1611661323,62,82,4
01:43,[CON] Team Rebound,0,-80,4,,0,,1611661323,62,82,4
01:34,[CON 84-62] Mompremier Hook Shot: Made (2 PTS) Assist: Hiedeman (4 AST),-31,43,1,,1629492,1629567,1611661323,62,84,4
01:24,[DAL] Gray Layup Shot: Missed,1,3,2,,1628277,,1611661321,62,84,4
01:22,[CON] Mompremier Rebound (Off:0 Def:1),1,3,4,,1629492,,1611661323,62,84,4
01:11,[CON 86-62] Mosqueda-Lewis Hook Shot: Made (4 PTS) Assist: Jones (1 AST),-17,64,1,,204321,1628280,1611661323,62,86,4
00:59.6,[DAL 65-86] Mabrey 3pt Shot: Made (3 PTS) Assist: Harris (6 AST),218,139,1,,1629497,1630112,1611661321,65,86,4
00:45.2,[CON 89-65] Mosqueda-Lewis 3pt Shot: Made (7 PTS) Assist: Holmes (1 AST),-220,86,1,,204321,1627678,1611661323,65,89,4
00:30.7,[DAL 68-89] Mabrey 3pt Shot: Made (6 PTS) Assist: Harris (7 AST),25,251,1,,1629497,1630112,1611661321,68,89,4
00:09.6,[CON 91-68] Holmes Layup Shot: Made (7 PTS),61,23,1,,1627678,,1611661323,68,91,4
00:00.0,[DAL] Gustafson Turnaround Hook Shot: Missed,-50,16,2,,1629484,,1611661321,68,91,4
00:00.0,[CON] Jones Rebound (Off:2 Def:4),-50,16,4,,1628280,,1611661323,68,91,4
00:00.0,End Period,0,-80,13,,0,,0,68,91,4
00:00.0,Game End,0,-80,0,,0,,0,68,91,4
