Lineup,Team,Minutes,Offensive Rating,Defensive Rating
"R. Lobo, T. Weatherspoon, K. Hampton, V. Johnson, S. Witherspoon",NYL,378,93.6,84.1
"M. Timms, J. Gillom, B. Pettis, T. Foster, U. Webb",PHO,282,92.2,80.9
"C. Cooper, W. Guyton, J. Arcain, T. Thompson, K. Perrot",HOU,278,97.4,86.6
"R. Bolton, B. Gordon, P. McGee, C. Tremitiere, L. Byears",SAC,271,95.4,98.0
"V. Bullett, A. Stinson, R. Mapp, A. Congreaves, N. Levesque",CHA,233,98.4,84.4
"L. Leslie, P. Toler, H. Zheng, T. Dixon, K. Colleton",LAS,185,107.5,84.6
"J. Braxton, M. Edwards, I. Fijalkowski, L. Woodard, E. Nemcova",CLE,181,101.7,86.7
"E. Baranova, L. Grooms, W. Palmer, T. Reiss, G. Koss",UTA,139,81.3,88.2
"E. Baranova, L. Grooms, W. Palmer, T. Reiss, K. Williams",UTA,123,85.0,104.2
"J. Braxton, I. Fijalkowski, L. Woodard, E. Nemcova, T. Nicholson",CLE,118,98.2,92.7
"V. Bullett, A. Stinson, S. Manning, P. McCray, Nikki (, N. Levesque",CHA,116,88.7,80.9
"C. Cooper, J. Arcain, T. Thompson, T. Jackson, K. Perrot",HOU,101,88.1,79.9
"V. Bullett, A. Stinson, R. Mapp, T. Suber, P. McCray, Nikki (",CHA,100,90.6,97.4
"C. Cooper, W. Guyton, J. Arcain, T. Thompson, T. Woosley",HOU,92,90.8,82.0
"R. Lobo, T. Weatherspoon, K. Hampton, S. Witherspoon, K. Ford",NYL,87,92.9,80.2
"R. Bolton, B. Gordon, J. Mosley-McAfee, P. McGee, C. Tremitiere",SAC,86,84.7,91.4
"M. Timms, J. Gillom, B. Pettis, U. Webb, M. Askamp",PHO,80,97.6,77.4
"R. Bolton, B. Gordon, C. Tremitiere, T. Abraham, L. Byears",SAC,74,82.3,85.2
"M. Edwards, I. Fijalkowski, L. Woodard, E. Nemcova, R. Brown",CLE,63,86.9,90.2
"J. Braxton, M. Edwards, E. Nemcova, M. Jones, R. Brown",CLE,62,86.6,78.9
"J. Braxton, M. Edwards, I. Fijalkowski, E. Nemcova, M. Jones",CLE,60,91.8,89.8
"C. Cooper, T. Thompson, T. Jackson, F. Harris, T. Woosley",HOU,57,105.7,92.6
"M. Edwards, I. Fijalkowski, E. Nemcova, M. Jones, R. Brown",CLE,56,101.0,85.8
"R. Bolton, B. Gordon, J. Mosley-McAfee, C. Tremitiere, T. Abraham",SAC,56,86.1,94.1
"R. Lobo, T. Weatherspoon, V. Johnson, S. Witherspoon, T. Trice",NYL,55,84.7,78.8
"E. Baranova, D. Head, W. Palmer, T. Reiss, K. Williams",UTA,54,81.4,77.3
"M. Timms, J. Gillom, B. Pettis, T. Foster, T. Jackson",PHO,53,87.2,84.1
"V. Bullett, A. Stinson, R. Mapp, T. Suber, A. Congreaves",CHA,53,67.0,98.9
"L. Leslie, P. Toler, J. Wideman, L. Burgess, H. Burge",LAS,52,76.4,86.0
"L. Leslie, P. Toler, H. Zheng, J. Wideman, T. Dixon",LAS,51,101.9,89.2
"R. Lobo, T. Weatherspoon, V. Johnson, T. Trice, K. Ford",NYL,51,87.9,82.5
"J. Braxton, I. Fijalkowski, L. Woodard, E. Nemcova, M. Jones",CLE,50,87.8,74.7
"M. Hagiwara, M. Timms, J. Gillom, B. Pettis, T. Foster",PHO,50,69.8,83.5
"V. Bullett, A. Stinson, T. Suber, S. Manning, P. McCray, Nikki (",CHA,49,77.3,72.4
"E. Baranova, L. Grooms, W. Palmer, T. Reiss, D. Carter",UTA,48,73.7,111.5
"M. Timms, B. Pettis, T. Foster, U. Webb, M. Askamp",PHO,48,91.0,70.2
"V. Bullett, A. Stinson, T. Suber, S. Manning, A. Congreaves",CHA,48,77.5,94.2
"E. Baranova, L. Grooms, W. Palmer, T. Reiss, K. Booker",UTA,47,78.6,92.5
"R. Lobo, T. Weatherspoon, S. Witherspoon, T. Trice, K. Ford",NYL,47,81.5,92.5
"R. Lobo, T. Weatherspoon, V. Johnson, S. Wicks, S. Witherspoon",NYL,47,96.0,71.6
"C. Cooper, T. Thompson, T. Jackson, K. Perrot, F. Harris",HOU,41,105.3,110.8
"R. Lobo, T. Weatherspoon, K. Hampton, V. Johnson, K. Ford",NYL,41,76.9,100.0
"V. Bullett, A. Stinson, S. Manning, A. Congreaves, N. Levesque",CHA,40,110.8,98.6
"C. Cooper, W. Guyton, J. Arcain, T. Jackson, K. Perrot",HOU,39,107.1,91.5
"E. Baranova, D. Head, W. Palmer, T. Reiss, K. Booker",UTA,39,68.0,57.9
"L. Leslie, P. Toler, T. Dixon, K. Colleton, L. Burgess",LAS,39,81.5,84.6
"J. Braxton, M. Edwards, L. Woodard, E. Nemcova, R. Brown",CLE,37,76.3,85.5
"V. Bullett, A. Stinson, R. Mapp, P. McCray, Nikki (, N. Levesque",CHA,37,76.7,84.7
"E. Baranova, D. Head, W. Palmer, K. Williams, D. Carter",UTA,36,80.2,80.0
"S. Swoopes, C. Cooper, T. Thompson, T. Jackson, K. Perrot",HOU,34,106.5,62.5
"C. Cooper, J. Arcain, T. Thompson, T. Jackson, T. Woosley",HOU,33,88.2,85.3
"L. Leslie, P. Toler, D. Charles, T. Dixon, K. Colleton",LAS,33,87.0,70.8
"B. Gordon, M. Hagiwara, P. McGee, C. Tremitiere, L. Byears",SAC,32,117.7,93.8
"C. Cooper, W. Guyton, T. Thompson, K. Perrot, F. Harris",HOU,32,100.0,61.3
"M. Timms, J. Gillom, T. Foster, T. Jackson, U. Webb",PHO,32,80.0,79.4
"E. Baranova, L. Grooms, D. Head, W. Palmer, T. Reiss",UTA,31,101.7,110.5
"M. Timms, J. Gillom, T. Jackson, U. Webb, M. Askamp",PHO,31,91.2,72.4
"B. Gordon, P. McGee, C. Tremitiere, L. Byears, L. Savasta",SAC,30,91.2,116.4
"E. Baranova, L. Grooms, W. Palmer, K. Williams, D. Carter",UTA,30,89.7,84.5
"B. Gordon, C. Tremitiere, T. Abraham, Y. Angel, L. Byears",SAC,27,71.2,90.7
"L. Leslie, P. Toler, H. Zheng, J. Wideman, L. Burgess",LAS,27,83.3,102.1
"V. Bullett, A. Stinson, R. Mapp, T. Suber, D. Williams",CHA,27,74.5,92.3
"R. Bolton, B. Gordon, P. McGee, C. Tremitiere, T. Abraham",SAC,26,87.8,86.5
"E. Baranova, W. Palmer, T. Reiss, K. Williams, G. Koss",UTA,25,84.6,129.4
"M. Timms, J. Gillom, B. Pettis, T. Jackson, M. Askamp",PHO,25,73.6,82.7
"V. Bullett, A. Stinson, R. Mapp, A. Congreaves, P. McCray, Nikki (",CHA,25,120.5,72.1
"C. Cooper, W. Guyton, J. Arcain, T. Jackson, T. Woosley",HOU,24,114.9,77.8
"A. Stinson, R. Mapp, A. Congreaves, P. McCray, Nikki (, N. Levesque",CHA,23,75.0,80.4
"A. Stinson, R. Mapp, T. Suber, A. Congreaves, P. McCray, Nikki (",CHA,23,95.7,77.8
"L. Leslie, P. Toler, J. Wideman, K. Colleton, H. Burge",LAS,23,85.4,85.4
"S. Swoopes, C. Cooper, W. Guyton, T. Thompson, K. Perrot",HOU,23,110.0,83.7
"B. Gordon, C. Tremitiere, T. Abraham, L. Byears, L. Savasta",SAC,22,82.9,97.7
"L. Leslie, P. Toler, D. Charles, J. Wideman, L. Burgess",LAS,22,76.7,117.1
"L. Leslie, P. Toler, H. Zheng, J. Wideman, K. Colleton",LAS,22,87.8,62.0
"L. Leslie, P. Toler, J. Wideman, T. Dixon, L. Burgess",LAS,22,78.7,63.3
"P. Toler, H. Zheng, T. Dixon, K. Colleton, L. Burgess",LAS,22,84.6,94.6
"C. Cooper, W. Guyton, T. Jackson, F. Harris, T. Woosley",HOU,21,87.8,100.0
"C. Cooper, W. Guyton, T. Thompson, F. Harris, T. Woosley",HOU,21,70.0,73.9
"J. Braxton, I. Fijalkowski, L. Woodard, E. Nemcova, J. Boucek",CLE,21,73.2,127.5
"L. Grooms, W. Palmer, T. Reiss, J. Hicks, K. Williams",UTA,21,74.4,73.3
"R. Bolton, J. Mosley-McAfee, P. McGee, C. Tremitiere, C. Yasen",SAC,21,114.3,162.1
"R. Lobo, T. Weatherspoon, S. Wicks, S. Witherspoon, K. Ford",NYL,21,107.7,65.9
"E. Baranova, D. Head, T. Reiss, J. Hicks, K. Williams",UTA,20,97.2,81.1
"J. Braxton, L. Woodard, E. Nemcova, M. Jones, R. Brown",CLE,20,71.1,92.1
"L. Leslie, P. Toler, D. Charles, J. Wideman, M. Mabika",LAS,20,71.1,92.5
"M. Timms, J. Gillom, B. Pettis, N. Lieberman, T. Foster",PHO,20,58.7,107.7
"R. Lobo, T. Weatherspoon, V. Johnson, S. Wicks, K. Ford",NYL,20,88.6,73.5
"A. Stinson, R. Mapp, S. Manning, P. McCray, Nikki (, N. Levesque",CHA,19,76.3,73.0
"J. Braxton, I. Fijalkowski, E. Nemcova, M. Jones, J. Boucek",CLE,19,62.8,84.1
"L. Leslie, H. Zheng, J. Wideman, T. Dixon, K. Colleton",LAS,19,130.3,63.9
"M. Hagiwara, M. Timms, B. Pettis, T. Foster, M. Askamp",PHO,19,100.0,58.3
"M. Timms, J. Gillom, N. Lieberman, T. Foster, U. Webb",PHO,19,102.4,61.0
"R. Bolton, B. Gordon, C. Tremitiere, T. Abraham, C. Yasen",SAC,19,58.5,110.3
"A. Stinson, S. Manning, A. Congreaves, P. McCray, Nikki (, N. Levesque",CHA,18,62.5,64.7
"C. Cooper, J. Arcain, T. Thompson, K. Perrot, Y. Moore",HOU,18,77.8,84.6
"L. Leslie, P. Toler, H. Zheng, T. Dixon, L. Burgess",LAS,18,71.1,110.8
"R. Lobo, S. Witherspoon, T. Trice, K. Ford, R. Blades",NYL,18,61.1,72.2
"T. Weatherspoon, K. Hampton, V. Johnson, S. Wicks, K. Ford",NYL,18,74.3,82.9
"V. Johnson, S. Wicks, T. Trice, K. Ford, R. Blades",NYL,18,97.0,77.1
"B. Gordon, P. McGee, C. Tremitiere, C. Yasen, L. Byears",SAC,17,66.7,75.8
"E. Baranova, D. Head, W. Palmer, T. Reiss, G. Koss",UTA,17,87.5,97.4
"E. Baranova, L. Grooms, W. Palmer, K. Williams, K. Booker",UTA,17,59.4,93.8
"K. Hampton, S. Wicks, S. Witherspoon, K. Ford, R. Blades",NYL,17,60.5,68.4
"L. Leslie, P. Toler, K. Colleton, L. Burgess, M. Mabika",LAS,17,112.1,65.6
"R. Lobo, K. Hampton, V. Johnson, S. Witherspoon, R. Blades",NYL,17,103.3,84.4
"R. Lobo, V. Johnson, S. Witherspoon, T. Trice, R. Blades",NYL,17,46.2,64.1
"T. Weatherspoon, V. Johnson, S. Wicks, T. Trice, K. Ford",NYL,17,84.8,83.3
"E. Baranova, D. Head, J. Hicks, K. Williams, D. Carter",UTA,16,87.1,106.9
"E. Baranova, D. Head, W. Palmer, K. Williams, K. Booker",UTA,16,88.4,76.2
"I. Fijalkowski, L. Woodard, E. Nemcova, M. Jones, R. Brown",CLE,16,56.3,90.3
"J. Gillom, N. Lieberman, T. Jackson, U. Webb, M. Askamp",PHO,16,75.8,73.5
"L. Leslie, H. Zheng, J. Wideman, T. Dixon, M. Mabika",LAS,16,108.8,105.9
"L. Leslie, P. Toler, D. Charles, J. Wideman, K. Colleton",LAS,16,87.1,103.3
"R. Bolton, P. McGee, C. Tremitiere, T. Abraham, C. Yasen",SAC,16,83.9,93.3
"S. Wicks, T. Trice, K. Ford, R. Blades, J. Perazic-Gipe",NYL,16,55.6,62.2
"W. Guyton, J. Arcain, T. Jackson, F. Harris, T. Woosley",HOU,16,51.9,96.2
"A. Stinson, R. Mapp, T. Suber, A. Congreaves, K. Artis",CHA,15,80.0,73.3
"B. Gordon, P. McGee, C. Tremitiere, Y. Angel, L. Byears",SAC,15,93.1,156.7
"D. Charles, H. Zheng, T. Dixon, T. Gant, M. Mabika",LAS,15,223.1,125.0
"L. Leslie, P. Toler, D. Charles, T. Dixon, M. Mabika",LAS,15,85.3,47.4
"L. Leslie, P. Toler, J. Wideman, L. Burgess, M. Mabika",LAS,15,62.1,93.5
"B. Gordon, P. McGee, C. Tremitiere, T. Abraham, C. Yasen",SAC,14,53.8,81.5
"E. Baranova, W. Palmer, T. Reiss, K. Williams, K. Booker",UTA,14,106.3,100.0
"J. Gillom, B. Pettis, T. Foster, T. Jackson, U. Webb",PHO,14,89.3,100.0
"L. Leslie, P. Toler, H. Zheng, J. Wideman, M. Mabika",LAS,14,86.2,133.3
"L. Leslie, P. Toler, H. Zheng, T. Dixon, M. Mabika",LAS,14,93.1,103.3
"R. Lobo, K. Hampton, S. Witherspoon, K. Ford, R. Blades",NYL,14,59.3,90.3
"R. Mapp, T. Suber, D. Williams, A. Congreaves, K. Artis",CHA,14,110.7,106.9
"A. Stinson, R. Mapp, S. Manning, A. Congreaves, N. Levesque",CHA,13,70.4,107.4
"E. Baranova, L. Grooms, D. Head, W. Palmer, K. Williams",UTA,13,52.0,100.0
"J. Braxton, E. Nemcova, M. Jones, R. Brown, A. Johnson",CLE,13,76.0,134.6
"L. Leslie, H. Zheng, J. Wideman, T. Dixon, L. Burgess",LAS,13,78.3,84.6
"L. Leslie, P. Toler, J. Wideman, K. Colleton, L. Burgess",LAS,13,107.4,70.4
"M. Edwards, E. Nemcova, M. Jones, R. Brown, A. Johnson",CLE,13,72.0,76.0
"M. Edwards, I. Fijalkowski, M. Jones, R. Brown, A. Johnson",CLE,13,88.0,81.0
"M. Timms, J. Gillom, N. Lieberman, T. Jackson, M. Askamp",PHO,13,84.0,74.1
"R. Bolton, B. Gordon, P. McGee, C. Tremitiere, M. Clark",SAC,13,92.6,88.0
"R. Lobo, V. Johnson, T. Trice, K. Ford, R. Blades",NYL,13,50.0,131.8
"V. Bullett, A. Stinson, R. Mapp, T. Suber, N. Levesque",CHA,13,92.9,124.1
"W. Guyton, J. Arcain, T. Thompson, F. Harris, T. Woosley",HOU,13,82.6,83.3
"A. Stinson, T. Suber, S. Manning, A. Congreaves, P. McCray, Nikki (",CHA,12,95.8,81.8
"B. Gordon, J. Mosley-McAfee, C. Tremitiere, T. Abraham, C. Yasen",SAC,12,90.0,100.0
"J. Arcain, T. Thompson, T. Jackson, K. Perrot, F. Harris",HOU,12,100.0,95.2
"J. Braxton, M. Edwards, L. Woodard, M. Jones, R. Brown",CLE,12,100.0,42.1
"J. Gillom, B. Pettis, N. Lieberman, U. Webb, M. Askamp",PHO,12,100.0,111.5
"L. Grooms, W. Palmer, T. Reiss, D. Carter, K. Booker",UTA,12,85.7,118.2
"L. Leslie, P. Toler, D. Charles, J. Wideman, T. Dixon",LAS,12,92.3,66.7
"M. Hagiwara, M. Timms, T. Foster, U. Webb, M. Askamp",PHO,12,104.5,71.4
"M. Timms, J. Gillom, B. Pettis, T. Jackson, U. Webb",PHO,12,103.0,71.9
"M. Timms, N. Lieberman, T. Foster, T. Jackson, M. Askamp",PHO,12,75.0,64.0
"P. Toler, D. Charles, T. Dixon, K. Colleton, L. Burgess",LAS,12,58.3,58.3
"R. Bolton, B. Gordon, P. McGee, C. Tremitiere, C. Yasen",SAC,12,66.7,91.7
"R. Bolton, B. Gordon, P. McGee, L. Byears, L. Savasta",SAC,12,92.0,108.0
"R. Bolton, C. Tremitiere, T. Abraham, C. Yasen, L. Byears",SAC,12,112.5,92.0
"R. Bolton, J. Mosley-McAfee, C. Tremitiere, T. Abraham, C. Yasen",SAC,12,100.0,95.5
"R. Bolton, P. McGee, C. Tremitiere, C. Yasen, L. Byears",SAC,12,50.0,70.8
"R. Lobo, T. Weatherspoon, S. Witherspoon, T. Trice, R. Blades",NYL,12,64.3,96.3
"S. Wicks, S. Witherspoon, T. Trice, K. Ford, R. Blades",NYL,12,68.0,69.6
"T. Weatherspoon, K. Hampton, V. Johnson, S. Wicks, S. Witherspoon",NYL,12,66.7,109.5
"V. Bullett, A. Stinson, R. Mapp, K. Artis, N. Levesque",CHA,12,57.1,109.5
"J. Braxton, E. Nemcova, M. Jones, J. Boucek, R. Brown",CLE,11,85.7,81.8
"J. Braxton, E. Nemcova, M. Jones, T. Nicholson, R. Brown",CLE,11,52.0,66.7
"J. Braxton, I. Fijalkowski, E. Nemcova, M. Jones, T. Nicholson",CLE,11,85.0,130.4
"J. Braxton, L. Woodard, E. Nemcova, T. Nicholson, R. Brown",CLE,11,66.7,77.8
"J. Braxton, M. Edwards, I. Fijalkowski, L. Woodard, M. Jones",CLE,11,90.9,100.0
"J. Gillom, B. Pettis, N. Lieberman, T. Foster, U. Webb",PHO,11,68.2,73.9
"L. Leslie, H. Zheng, T. Dixon, K. Colleton, M. Mabika",LAS,11,95.5,75.0
"M. Hagiwara, M. Timms, J. Gillom, B. Pettis, M. Askamp",PHO,11,88.0,95.5
"M. Timms, J. Gillom, B. Pettis, N. Lieberman, M. Askamp",PHO,11,92.6,68.0
"M. Timms, N. Lieberman, T. Foster, U. Webb, M. Askamp",PHO,11,113.0,89.5
"R. Bolton, J. Mosley-McAfee, M. Hagiwara, C. Tremitiere, T. Abraham",SAC,11,139.4,125.0
"R. Bolton, J. Mosley-McAfee, M. Hagiwara, P. McGee, C. Tremitiere",SAC,11,81.0,115.0
"R. Bolton, M. Hagiwara, P. McGee, C. Tremitiere, L. Byears",SAC,11,95.0,115.8
"T. Suber, S. Manning, K. Artis, P. McCray, Nikki (, S. Hopson-Shelton",CHA,11,60.0,72.7
"V. Bullett, A. Stinson, T. Suber, A. Congreaves, P. McCray, Nikki (",CHA,11,109.5,89.5
"V. Johnson, S. Wicks, S. Witherspoon, T. Trice, R. Blades",NYL,11,112.5,64.7
"W. Guyton, J. Arcain, T. Jackson, K. Perrot, F. Harris",HOU,11,100.0,91.3
"B. Gordon, J. Mosley-McAfee, M. Hagiwara, C. Tremitiere, T. Abraham",SAC,10,100.0,50.0
"B. Gordon, J. Mosley-McAfee, M. Hagiwara, P. McGee, C. Tremitiere",SAC,10,78.9,100.0
"B. Gordon, M. Hagiwara, C. Tremitiere, T. Abraham, L. Byears",SAC,10,61.1,100.0
"D. Head, W. Palmer, T. Reiss, D. Carter, K. Booker",UTA,10,47.6,95.2
"E. Baranova, D. Head, T. Reiss, J. Hicks, K. Booker",UTA,10,115.0,100.0
"E. Baranova, L. Grooms, T. Reiss, J. Hicks, G. Koss",UTA,10,76.5,135.3
"H. Zheng, J. Wideman, T. Dixon, K. Colleton, L. Burgess",LAS,10,60.0,62.5
"J. Arcain, T. Thompson, T. Jackson, F. Harris, T. Woosley",HOU,10,73.9,95.8
"K. Hampton, V. Johnson, S. Wicks, S. Witherspoon, R. Blades",NYL,10,36.4,84.2
"L. Grooms, D. Head, W. Palmer, T. Reiss, J. Hicks",UTA,10,75.0,111.8
"L. Leslie, J. Wideman, K. Colleton, L. Burgess, M. Mabika",LAS,10,107.7,87.5
"L. Leslie, P. Toler, H. Zheng, K. Colleton, L. Burgess",LAS,10,121.7,100.0
"L. Leslie, P. Toler, J. Wideman, M. Mabika, H. Burge",LAS,10,77.8,89.5
"M. Edwards, I. Fijalkowski, E. Nemcova, M. Jones, T. Nicholson",CLE,10,85.7,52.4
"M. Hagiwara, M. Timms, J. Gillom, T. Foster, U. Webb",PHO,10,70.6,80.0
"M. Timms, J. Gillom, B. Pettis, U. Webb, M. Ambers",PHO,10,78.9,56.3
"N. Lieberman, T. Foster, T. Jackson, U. Webb, M. Askamp",PHO,10,57.9,77.8
"N. Lieberman, U. Webb, M. Ambers, M. Askamp, T. Williams",PHO,10,68.4,114.3
"R. Lobo, T. Weatherspoon, K. Hampton, S. Witherspoon, R. Blades",NYL,10,64.0,58.3
"R. Lobo, T. Weatherspoon, S. Wicks, K. Ford, R. Blades",NYL,10,90.5,82.6
"S. Swoopes, C. Cooper, W. Guyton, T. Jackson, K. Perrot",HOU,10,100.0,113.0
"S. Swoopes, T. Jackson, F. Harris, Y. Moore, T. Woosley",HOU,10,52.6,88.9
"T. Weatherspoon, K. Hampton, S. Wicks, S. Witherspoon, K. Ford",NYL,10,80.0,48.0
"V. Bullett, A. Stinson, R. Mapp, T. Suber, K. Artis",CHA,10,100.0,52.6
"V. Bullett, A. Stinson, T. Suber, S. Manning, D. Williams",CHA,10,95.2,89.5
"A. Stinson, R. Mapp, D. Williams, A. Congreaves, N. Levesque",CHA,9,50.0,70.6
"E. Baranova, D. Head, W. Palmer, T. Reiss, D. Carter",UTA,9,61.1,111.1
"E. Baranova, D. Head, W. Palmer, T. Reiss, J. Hicks",UTA,9,94.1,118.8
"E. Baranova, L. Grooms, T. Reiss, J. Hicks, K. Williams",UTA,9,75.0,105.3
"J. Braxton, I. Fijalkowski, L. Woodard, M. Jones, T. Nicholson",CLE,9,66.7,70.6
"L. Leslie, D. Charles, J. Wideman, T. Dixon, L. Burgess",LAS,9,87.5,88.2
"L. Leslie, P. Toler, H. Zheng, L. Burgess, M. Mabika",LAS,9,148.1,155.6
"L. Leslie, P. Toler, T. Dixon, K. Colleton, H. Burge",LAS,9,100.0,75.0
"M. Hagiwara, M. Timms, J. Gillom, B. Pettis, U. Webb",PHO,9,111.1,106.3
"M. Hagiwara, M. Timms, J. Gillom, U. Webb, M. Askamp",PHO,9,81.3,72.2
"M. Timms, B. Pettis, N. Lieberman, T. Foster, M. Askamp",PHO,9,64.3,56.3
"M. Timms, J. Gillom, N. Lieberman, U. Webb, M. Askamp",PHO,9,75.0,62.5
"M. Timms, N. Lieberman, T. Jackson, M. Ambers, M. Askamp",PHO,9,70.6,52.6
"M. Timms, T. Foster, T. Jackson, U. Webb, M. Askamp",PHO,9,73.3,53.3
"R. Bolton, B. Gordon, D. Graves, C. Tremitiere, L. Byears",SAC,9,56.3,68.8
"R. Bolton, B. Gordon, M. Hagiwara, C. Tremitiere, T. Abraham",SAC,9,60.0,83.3
"R. Lobo, T. Weatherspoon, S. Wicks, S. Witherspoon, R. Blades",NYL,9,114.8,80.0
"R. Lobo, V. Johnson, S. Wicks, S. Witherspoon, R. Blades",NYL,9,63.2,123.5
"T. Weatherspoon, V. Johnson, S. Wicks, S. Witherspoon, T. Trice",NYL,9,106.3,107.7
"V. Bullett, A. Stinson, A. Congreaves, P. McCray, Nikki (, N. Levesque",CHA,9,113.3,100.0
"W. Palmer, T. Reiss, K. Williams, D. Carter, K. Booker",UTA,9,63.2,94.7
"C. Cooper, W. Guyton, J. Arcain, T. Thompson, F. Harris",HOU,8,126.7,92.9
"C. Cooper, W. Guyton, T. Thompson, T. Jackson, K. Perrot",HOU,8,137.5,68.8
"D. Head, W. Palmer, J. Hicks, K. Williams, K. Booker",UTA,8,86.7,37.5
"E. Baranova, D. Head, W. Palmer, J. Hicks, K. Williams",UTA,8,112.5,56.3
"E. Baranova, D. Head, W. Palmer, K. Williams, G. Koss",UTA,8,106.7,92.9
"E. Baranova, L. Grooms, D. Head, W. Palmer, D. Carter",UTA,8,56.3,86.7
"E. Baranova, L. Grooms, D. Head, W. Palmer, K. Booker",UTA,8,93.8,35.3
"J. Braxton, L. Woodard, E. Nemcova, M. Jones, A. Johnson",CLE,8,140.0,113.3
"J. Braxton, M. Edwards, M. Jones, R. Brown, A. Johnson",CLE,8,117.6,25.0
"J. Gillom, B. Pettis, T. Jackson, U. Webb, M. Askamp",PHO,8,88.2,72.2
"J. Mosley-McAfee, M. Hagiwara, P. McGee, C. Tremitiere, C. Yasen",SAC,8,250.0,0.0
"L. Leslie, H. Zheng, J. Wideman, K. Colleton, M. Mabika",LAS,8,78.6,133.3
"L. Leslie, J. Wideman, T. Dixon, L. Burgess, M. Mabika",LAS,8,40.0,109.5
"L. Leslie, T. Dixon, K. Colleton, M. Mabika, H. Burge",LAS,8,82.4,80.0
"M. Edwards, I. Fijalkowski, E. Nemcova, M. Jones, A. Johnson",CLE,8,100.0,55.6
"M. Timms, J. Gillom, B. Pettis, T. Foster, M. Askamp",PHO,8,73.3,76.5
"M. Timms, J. Gillom, B. Pettis, T. Foster, T. Williams",PHO,8,118.8,76.5
"P. Toler, D. Charles, H. Zheng, T. Dixon, T. Gant",LAS,8,0.0,250.0
"P. Toler, H. Zheng, T. Dixon, M. Mabika, H. Burge",LAS,8,92.9,35.7
"R. Bolton, B. Gordon, M. Hagiwara, P. McGee, C. Tremitiere",SAC,8,57.9,83.3
"R. Bolton, P. McGee, C. Tremitiere, L. Byears, L. Savasta",SAC,8,100.0,93.8
"R. Lobo, K. Hampton, S. Witherspoon, R. Blades, J. Perazic-Gipe",NYL,8,84.2,80.0
"V. Bullett, R. Mapp, T. Suber, A. Congreaves, N. Levesque",CHA,8,93.3,55.6
"V. Bullett, R. Mapp, T. Suber, A. Congreaves, P. McCray, Nikki (",CHA,8,73.7,50.0
"W. Guyton, J. Arcain, T. Thompson, K. Perrot, F. Harris",HOU,8,94.1,66.7
"A. Stinson, R. Mapp, T. Suber, S. Manning, P. McCray, Nikki (",CHA,7,86.7,100.0
"B. Gordon, D. Graves, C. Tremitiere, L. Byears, L. Savasta",SAC,7,69.2,78.6
"C. Cooper, J. Arcain, T. Jackson, C. Pollini, K. Perrot",HOU,7,57.1,61.5
"C. Cooper, T. Thompson, C. Pollini, F. Harris, T. Woosley",HOU,7,158.3,127.3
"D. Head, W. Palmer, T. Reiss, J. Hicks, K. Williams",UTA,7,42.9,128.6
"E. Baranova, D. Head, K. Williams, D. Carter, K. Booker",UTA,7,88.9,60.0
"E. Baranova, D. Head, W. Palmer, K. Williams, M. Compain",UTA,7,78.6,93.3
"E. Baranova, L. Grooms, W. Palmer, K. Williams, G. Koss",UTA,7,57.1,66.7
"E. Baranova, W. Palmer, T. Reiss, K. Williams, D. Carter",UTA,7,56.3,78.6
"J. Braxton, E. Nemcova, T. Nicholson, R. Brown, A. Johnson",CLE,7,84.6,100.0
"J. Braxton, L. Woodard, M. Jones, R. Brown, A. Johnson",CLE,7,106.7,46.2
"L. Grooms, W. Palmer, K. Williams, K. Booker, G. Koss",UTA,7,107.7,100.0
"L. Leslie, D. Charles, J. Wideman, T. Dixon, M. Mabika",LAS,7,93.8,41.2
"L. Leslie, P. Toler, J. Wideman, T. Dixon, H. Burge",LAS,7,42.9,92.3
"L. Leslie, P. Toler, T. Dixon, L. Burgess, H. Burge",LAS,7,137.5,43.8
"L. Leslie, P. Toler, T. Dixon, L. Burgess, M. Mabika",LAS,7,54.5,83.3
"M. Edwards, I. Fijalkowski, L. Woodard, E. Nemcova, A. Maxwell",CLE,7,84.6,107.1
"M. Edwards, L. Woodard, E. Nemcova, M. Jones, R. Brown",CLE,7,112.5,81.3
"M. Hagiwara, J. Gillom, B. Pettis, N. Lieberman, M. Askamp",PHO,7,66.7,100.0
"M. Timms, B. Pettis, N. Lieberman, M. Ambers, M. Askamp",PHO,7,100.0,46.2
"M. Timms, B. Pettis, U. Webb, M. Ambers, M. Askamp",PHO,7,80.0,69.2
"M. Timms, J. Gillom, U. Webb, M. Askamp, T. Williams",PHO,7,72.2,66.7
"N. Lieberman, T. Jackson, U. Webb, M. Ambers, M. Askamp",PHO,7,66.7,116.7
"P. Toler, D. Charles, J. Wideman, L. Burgess, H. Burge",LAS,7,66.7,76.9
"R. Bolton, B. Gordon, D. Graves, C. Tremitiere, M. Clark",SAC,7,154.5,90.0
"R. Bolton, B. Gordon, J. Mosley-McAfee, M. Hagiwara, C. Tremitiere",SAC,7,138.5,138.5
"S. Swoopes, C. Cooper, J. Arcain, T. Thompson, T. Jackson",HOU,7,83.3,100.0
"S. Swoopes, W. Guyton, J. Arcain, T. Jackson, K. Perrot",HOU,7,110.0,111.1
"T. Weatherspoon, S. Wicks, S. Witherspoon, T. Trice, K. Ford",NYL,7,75.0,37.5
"A. Stinson, R. Mapp, T. Suber, S. Manning, A. Congreaves",CHA,6,54.5,120.0
"B. Gordon, M. Hagiwara, D. Graves, C. Tremitiere, L. Byears",SAC,6,72.7,118.2
"B. Gordon, T. Abraham, Y. Angel, L. Byears, L. Savasta",SAC,6,42.9,116.7
"C. Cooper, J. Arcain, T. Jackson, C. Pollini, T. Woosley",HOU,6,50.0,61.5
"C. Cooper, T. Jackson, C. Pollini, F. Harris, T. Woosley",HOU,6,90.9,50.0
"C. Cooper, T. Thompson, F. Harris, Y. Moore, T. Woosley",HOU,6,54.5,83.3
"C. Cooper, T. Thompson, K. Perrot, F. Harris, Y. Moore",HOU,6,57.1,127.3
"D. Charles, J. Wideman, K. Colleton, L. Burgess, H. Burge",LAS,6,30.8,115.4
"D. Charles, J. Wideman, K. Colleton, M. Mabika, H. Burge",LAS,6,90.9,27.3
"D. Charles, J. Wideman, T. Dixon, L. Burgess, H. Burge",LAS,6,111.1,90.9
"E. Baranova, D. Head, T. Reiss, D. Carter, K. Booker",UTA,6,42.9,53.8
"E. Baranova, L. Grooms, D. Head, J. Hicks, K. Williams",UTA,6,118.2,109.1
"E. Baranova, L. Grooms, D. Head, T. Reiss, J. Hicks",UTA,6,66.7,92.3
"E. Baranova, L. Grooms, D. Head, W. Palmer, M. Compain",UTA,6,112.5,85.7
"E. Baranova, L. Grooms, J. Hicks, K. Williams, D. Carter",UTA,6,122.2,100.0
"E. Baranova, L. Grooms, R. Scott, K. Williams, D. Carter",UTA,6,123.1,71.4
"E. Baranova, L. Grooms, W. Palmer, T. Reiss, M. Compain",UTA,6,92.3,83.3
"E. Baranova, T. Reiss, J. Hicks, K. Williams, K. Booker",UTA,6,50.0,115.4
"I. Fijalkowski, L. Woodard, M. Jones, T. Nicholson, R. Brown",CLE,6,100.0,50.0
"J. Braxton, E. Nemcova, J. Boucek, R. Brown, A. Johnson",CLE,6,54.5,40.0
"J. Braxton, M. Edwards, I. Fijalkowski, M. Jones, A. Johnson",CLE,6,70.0,145.5
"J. Braxton, M. Edwards, I. Fijalkowski, M. Jones, T. Nicholson",CLE,6,54.5,90.9
"J. Braxton, M. Jones, T. Nicholson, R. Brown, A. Johnson",CLE,6,92.9,92.9
"J. Gillom, B. Pettis, N. Lieberman, T. Jackson, M. Askamp",PHO,6,40.0,56.3
"J. Wideman, T. Dixon, L. Burgess, M. Mabika, H. Burge",LAS,6,92.9,62.5
"L. Grooms, D. Head, W. Palmer, J. Hicks, K. Williams",UTA,6,72.7,72.7
"L. Leslie, J. Wideman, T. Dixon, K. Colleton, L. Burgess",LAS,6,72.2,105.3
"L. Leslie, P. Toler, D. Charles, K. Colleton, L. Burgess",LAS,6,83.3,63.6
"L. Leslie, P. Toler, D. Charles, K. Colleton, M. Mabika",LAS,6,123.1,100.0
"L. Leslie, P. Toler, H. Zheng, J. Wideman, T. Gant",LAS,6,92.9,121.4
"M. Edwards, I. Fijalkowski, L. Woodard, M. Jones, R. Brown",CLE,6,83.3,8.3
"M. Hagiwara, D. Graves, C. Tremitiere, C. Yasen, L. Byears",SAC,6,130.0,81.8
"M. Hagiwara, J. Gillom, B. Pettis, N. Lieberman, T. Foster",PHO,6,108.3,109.1
"M. Timms, B. Pettis, T. Foster, T. Jackson, M. Askamp",PHO,6,83.3,108.3
"P. Toler, D. Charles, T. Dixon, K. Colleton, H. Burge",LAS,6,100.0,107.7
"P. Toler, H. Zheng, J. Wideman, K. Colleton, H. Burge",LAS,6,80.0,140.0
"P. Toler, H. Zheng, T. Dixon, K. Colleton, H. Burge",LAS,6,53.3,114.3
"R. Lobo, T. Weatherspoon, T. Trice, K. Ford, R. Blades",NYL,6,80.0,50.0
"R. Lobo, T. Weatherspoon, V. Johnson, S. Wicks, R. Blades",NYL,6,76.5,61.1
"S. Manning, D. Williams, A. Congreaves, K. Artis, N. Levesque",CHA,6,100.0,90.9
"S. Swoopes, C. Cooper, W. Guyton, T. Thompson, T. Woosley",HOU,6,50.0,83.3
"S. Swoopes, J. Arcain, T. Thompson, T. Jackson, K. Perrot",HOU,6,80.0,66.7
"V. Bullett, A. Stinson, S. Manning, A. Congreaves, P. McCray, Nikki (",CHA,6,138.5,76.9
"W. Palmer, T. Reiss, J. Hicks, K. Williams, D. Carter",UTA,6,35.7,100.0
"A. Stinson, S. Manning, A. Congreaves, M. Vukadinovic, P. McCray, Nikki (",CHA,5,118.2,70.0
"B. Gordon, J. Mosley-McAfee, T. Abraham, C. Yasen, Y. Angel",SAC,5,80.0,70.0
"B. Gordon, P. McGee, C. Tremitiere, Y. Angel, L. Savasta",SAC,5,38.5,91.7
"B. Pettis, N. Lieberman, T. Foster, U. Webb, M. Askamp",PHO,5,128.6,100.0
"B. Pettis, N. Lieberman, U. Webb, M. Ambers, M. Askamp",PHO,5,88.9,70.0
"C. Cooper, J. Arcain, T. Thompson, Y. Moore, T. Woosley",HOU,5,122.2,70.0
"C. Cooper, T. Jackson, F. Harris, Y. Moore, T. Woosley",HOU,5,70.0,100.0
"C. Cooper, W. Guyton, C. Pollini, F. Harris, T. Woosley",HOU,5,110.0,50.0
"C. Cooper, W. Guyton, J. Arcain, C. Pollini, T. Woosley",HOU,5,33.3,25.0
"C. Cooper, W. Guyton, J. Arcain, K. Perrot, Y. Moore",HOU,5,55.6,77.8
"C. Cooper, W. Guyton, J. Arcain, T. Jackson, F. Harris",HOU,5,88.9,27.3
"C. Pollini, K. Perrot, F. Harris, Y. Moore, T. Woosley",HOU,5,73.3,73.3
"D. Charles, H. Zheng, T. Dixon, T. Gant, L. Burgess",LAS,5,138.5,130.8
"D. Charles, J. Wideman, L. Burgess, M. Mabika, H. Burge",LAS,5,100.0,90.9
"D. Charles, J. Wideman, T. Dixon, K. Colleton, L. Burgess",LAS,5,72.7,50.0
"D. Head, W. Palmer, J. Hicks, K. Williams, G. Koss",UTA,5,42.9,46.2
"D. Head, W. Palmer, T. Reiss, J. Hicks, G. Koss",UTA,5,58.3,109.1
"D. Head, W. Palmer, T. Reiss, R. Scott, K. Booker",UTA,5,25.0,100.0
"E. Baranova, D. Head, J. Hicks, K. Williams, M. Compain",UTA,5,155.6,60.0
"E. Baranova, L. Grooms, T. Reiss, J. Hicks, K. Booker",UTA,5,54.5,75.0
"E. Baranova, T. Reiss, J. Hicks, K. Williams, D. Carter",UTA,5,90.0,100.0
"I. Fijalkowski, E. Nemcova, M. Jones, J. Boucek, R. Brown",CLE,5,61.5,100.0
"I. Fijalkowski, E. Nemcova, M. Jones, R. Brown, A. Johnson",CLE,5,128.6,55.6
"I. Fijalkowski, L. Woodard, M. Jones, J. Boucek, R. Brown",CLE,5,50.0,110.0
"I. Fijalkowski, L. Woodard, T. Nicholson, J. Boucek, R. Brown",CLE,5,111.1,87.5
"I. Fijalkowski, M. Jones, T. Nicholson, R. Brown, A. Johnson",CLE,5,112.5,100.0
"J. Arcain, T. Thompson, K. Perrot, F. Harris, Y. Moore",HOU,5,66.7,100.0
"J. Braxton, I. Fijalkowski, E. Nemcova, M. Jones, A. Johnson",CLE,5,111.1,72.7
"J. Braxton, I. Fijalkowski, L. Woodard, J. Boucek, A. Johnson",CLE,5,128.6,55.6
"J. Braxton, I. Fijalkowski, L. Woodard, M. Jones, M. Alberts",CLE,5,118.2,81.8
"J. Braxton, L. Woodard, E. Nemcova, J. Boucek, R. Brown",CLE,5,27.3,81.8
"J. Braxton, L. Woodard, E. Nemcova, M. Jones, T. Nicholson",CLE,5,50.0,63.6
"J. Braxton, L. Woodard, T. Nicholson, R. Brown, A. Johnson",CLE,5,120.0,150.0
"J. Braxton, M. Edwards, I. Fijalkowski, L. Woodard, A. Johnson",CLE,5,40.0,120.0
"J. Braxton, M. Edwards, L. Woodard, R. Brown, A. Johnson",CLE,5,150.0,0.0
"J. Wideman, K. Colleton, L. Burgess, M. Mabika, H. Burge",LAS,5,125.0,91.7
"L. Grooms, W. Palmer, R. Scott, K. Williams, K. Booker",UTA,5,80.0,100.0
"L. Grooms, W. Palmer, T. Reiss, J. Hicks, K. Booker",UTA,5,109.1,100.0
"L. Grooms, W. Palmer, T. Reiss, K. Williams, G. Koss",UTA,5,60.0,111.1
"L. Leslie, J. Wideman, L. Burgess, M. Mabika, H. Burge",LAS,5,33.3,127.3
"L. Leslie, P. Toler, K. Colleton, M. Mabika, H. Burge",LAS,5,100.0,90.0
"L. Leslie, P. Toler, T. Dixon, M. Mabika, H. Burge",LAS,5,115.4,78.6
"M. Jones, T. Nicholson, A. Maxwell, R. Brown, A. Johnson",CLE,5,45.5,130.0
"M. Timms, B. Pettis, T. Jackson, M. Ambers, M. Askamp",PHO,5,110.0,90.9
"M. Timms, J. Gillom, B. Pettis, U. Webb, T. Williams",PHO,5,50.0,75.0
"M. Timms, N. Lieberman, T. Foster, U. Webb, T. Williams",PHO,5,66.7,30.0
"P. Toler, D. Charles, J. Wideman, K. Colleton, L. Burgess",LAS,5,72.7,54.5
"P. Toler, D. Charles, T. Dixon, M. Mabika, H. Burge",LAS,5,90.0,22.2
"R. Bolton, B. Gordon, J. Mosley-McAfee, D. Graves, C. Tremitiere",SAC,5,70.0,90.0
"R. Bolton, B. Gordon, J. Mosley-McAfee, M. Hagiwara, P. McGee",SAC,5,111.1,72.7
"R. Lobo, S. Wicks, S. Witherspoon, K. Ford, R. Blades",NYL,5,100.0,90.0
"R. Lobo, T. Weatherspoon, K. Hampton, V. Johnson, C. Crumpton-Moorer",NYL,5,150.0,44.4
"R. Lobo, V. Johnson, S. Wicks, K. Ford, R. Blades",NYL,5,81.8,90.0
"S. Swoopes, C. Cooper, W. Guyton, J. Arcain, T. Jackson",HOU,5,10.0,81.8
"V. Bullett, A. Stinson, T. Suber, S. Manning, K. Artis",CHA,5,66.7,50.0
"V. Johnson, S. Wicks, T. Trice, R. Blades, J. Perazic-Gipe",NYL,5,54.5,36.4
"A. Stinson, R. Mapp, A. Congreaves, K. Artis, N. Levesque",CHA,4,33.3,87.5
"A. Stinson, R. Mapp, T. Suber, D. Williams, A. Congreaves",CHA,4,128.6,100.0
"A. Stinson, S. Manning, A. Congreaves, K. Artis, N. Levesque",CHA,4,66.7,85.7
"A. Stinson, S. Manning, A. Congreaves, P. McCray, Nikki (, S. Hopson-Shelton",CHA,4,150.0,116.7
"B. Gordon, J. Mosley-McAfee, C. Tremitiere, T. Abraham, Y. Angel",SAC,4,80.0,50.0
"C. Cooper, W. Guyton, T. Jackson, K. Perrot, F. Harris",HOU,4,100.0,66.7
"C. Cooper, W. Guyton, T. Thompson, C. Pollini, T. Woosley",HOU,4,137.5,55.6
"C. Cooper, W. Guyton, T. Thompson, T. Jackson, T. Woosley",HOU,4,36.4,55.6
"D. Head, W. Palmer, R. Scott, K. Williams, K. Booker",UTA,4,100.0,100.0
"D. Head, W. Palmer, T. Reiss, K. Williams, D. Carter",UTA,4,100.0,122.2
"E. Baranova, L. Grooms, D. Head, T. Reiss, K. Booker",UTA,4,50.0,133.3
"E. Baranova, L. Grooms, T. Reiss, D. Carter, K. Booker",UTA,4,37.5,200.0
"E. Baranova, T. Reiss, J. Hicks, K. Williams, G. Koss",UTA,4,50.0,87.5
"I. Fijalkowski, E. Nemcova, A. Maxwell, A. Johnson, M. Alberts",CLE,4,72.7,33.3
"I. Fijalkowski, E. Nemcova, M. Jones, T. Nicholson, R. Brown",CLE,4,83.3,162.5
"I. Fijalkowski, L. Woodard, E. Nemcova, M. Jones, T. Nicholson",CLE,4,100.0,137.5
"I. Fijalkowski, L. Woodard, M. Jones, R. Brown, A. Johnson",CLE,4,142.9,0.0
"I. Fijalkowski, L. Woodard, T. Nicholson, R. Brown, A. Johnson",CLE,4,111.1,30.0
"J. Arcain, T. Jackson, C. Pollini, K. Perrot, F. Harris",HOU,4,57.1,57.1
"J. Arcain, T. Jackson, C. Pollini, Y. Moore, T. Woosley",HOU,4,37.5,44.4
"J. Braxton, L. Woodard, E. Nemcova, A. Maxwell, M. Alberts",CLE,4,85.7,150.0
"J. Braxton, L. Woodard, M. Jones, J. Boucek, R. Brown",CLE,4,100.0,50.0
"J. Braxton, L. Woodard, M. Jones, R. Brown, M. Alberts",CLE,4,50.0,33.3
"J. Braxton, M. Edwards, I. Fijalkowski, L. Woodard, T. Nicholson",CLE,4,33.3,114.3
"J. Braxton, M. Edwards, L. Woodard, M. Jones, J. Boucek",CLE,4,28.6,200.0
"J. Braxton, M. Edwards, M. Jones, T. Nicholson, R. Brown",CLE,4,80.0,100.0
"J. Gillom, B. Pettis, N. Lieberman, T. Foster, T. Jackson",PHO,4,55.6,55.6
"L. Grooms, D. Head, W. Palmer, D. Carter, K. Booker",UTA,4,175.0,200.0
"L. Grooms, D. Head, W. Palmer, T. Reiss, K. Booker",UTA,4,71.4,85.7
"L. Grooms, W. Palmer, T. Reiss, K. Booker, G. Koss",UTA,4,70.0,114.3
"L. Leslie, D. Charles, J. Wideman, T. Dixon, K. Colleton",LAS,4,122.2,100.0
"L. Leslie, H. Zheng, J. Wideman, K. Colleton, L. Burgess",LAS,4,50.0,66.7
"L. Leslie, J. Wideman, T. Dixon, L. Burgess, H. Burge",LAS,4,60.0,22.2
"L. Leslie, P. Toler, D. Charles, T. Dixon, L. Burgess",LAS,4,55.6,100.0
"L. Leslie, P. Toler, H. Zheng, K. Colleton, M. Mabika",LAS,4,22.2,177.8
"M. Edwards, E. Nemcova, M. Jones, A. Maxwell, R. Brown",CLE,4,125.0,120.0
"M. Edwards, I. Fijalkowski, E. Nemcova, J. Boucek, R. Brown",CLE,4,85.7,50.0
"M. Edwards, I. Fijalkowski, E. Nemcova, R. Brown, A. Johnson",CLE,4,0.0,42.9
"M. Hagiwara, J. Gillom, B. Pettis, T. Foster, U. Webb",PHO,4,75.0,111.1
"M. Hagiwara, M. Timms, B. Pettis, M. Askamp, T. Williams",PHO,4,125.0,100.0
"M. Timms, J. Gillom, B. Pettis, M. Askamp, T. Williams",PHO,4,128.6,116.7
"M. Timms, N. Lieberman, M. Ambers, M. Askamp, T. Williams",PHO,4,40.0,44.4
"P. Toler, D. Charles, J. Wideman, T. Dixon, L. Burgess",LAS,4,100.0,100.0
"P. Toler, D. Charles, L. Burgess, M. Mabika, H. Burge",LAS,4,66.7,90.0
"P. Toler, D. Charles, T. Dixon, L. Burgess, M. Mabika",LAS,4,120.0,100.0
"P. Toler, H. Zheng, J. Wideman, L. Burgess, M. Mabika",LAS,4,114.3,37.5
"P. Toler, H. Zheng, J. Wideman, M. Mabika, H. Burge",LAS,4,85.7,100.0
"P. Toler, H. Zheng, J. Wideman, T. Dixon, H. Burge",LAS,4,100.0,114.3
"R. Bolton, B. Gordon, C. Tremitiere, T. Abraham, M. Clark",SAC,4,85.7,142.9
"R. Bolton, B. Gordon, D. Graves, C. Tremitiere, C. Yasen",SAC,4,50.0,44.4
"R. Bolton, B. Gordon, D. Graves, C. Tremitiere, L. Savasta",SAC,4,40.0,100.0
"R. Bolton, B. Gordon, T. Abraham, C. Yasen, L. Savasta",SAC,4,240.0,120.0
"R. Bolton, C. Tremitiere, T. Abraham, L. Byears, L. Savasta",SAC,4,60.0,80.0
"R. Bolton, C. Tremitiere, T. Abraham, L. Savasta, M. Clark",SAC,4,75.0,62.5
"R. Bolton, D. Graves, C. Tremitiere, C. Yasen, L. Byears",SAC,4,71.4,100.0
"R. Bolton, M. Hagiwara, C. Tremitiere, T. Abraham, L. Byears",SAC,4,60.0,80.0
"R. Mapp, T. Suber, D. Williams, A. Congreaves, P. McCray, Nikki (",CHA,4,71.4,116.7
"S. Manning, D. Williams, A. Congreaves, P. McCray, Nikki (, N. Levesque",CHA,4,114.3,42.9
"T. Jackson, C. Pollini, F. Harris, Y. Moore, T. Woosley",HOU,4,50.0,114.3
"T. Weatherspoon, K. Hampton, S. Wicks, S. Witherspoon, R. Blades",NYL,4,85.7,83.3
"T. Weatherspoon, S. Wicks, S. Witherspoon, T. Trice, R. Blades",NYL,4,77.8,125.0
"V. Bullett, A. Stinson, S. Manning, K. Artis, N. Levesque",CHA,4,133.3,71.4
"V. Bullett, R. Mapp, A. Congreaves, P. McCray, Nikki (, N. Levesque",CHA,4,44.4,75.0
"V. Bullett, R. Mapp, D. Williams, K. Artis, N. Levesque",CHA,4,66.7,57.1
"V. Bullett, R. Mapp, T. Suber, D. Williams, P. McCray, Nikki (",CHA,4,87.5,33.3
"W. Palmer, T. Reiss, J. Hicks, K. Williams, G. Koss",UTA,4,142.9,71.4
"A. Stinson, S. Manning, D. Williams, A. Congreaves, N. Levesque",CHA,3,50.0,114.3
"B. Gordon, J. Mosley-McAfee, C. Tremitiere, T. Abraham, L. Savasta",SAC,3,0.0,50.0
"B. Gordon, J. Mosley-McAfee, T. Abraham, Y. Angel, L. Savasta",SAC,3,140.0,100.0
"B. Pettis, N. Lieberman, T. Jackson, M. Ambers, M. Askamp",PHO,3,150.0,71.4
"C. Cooper, J. Arcain, T. Thompson, C. Pollini, K. Perrot",HOU,3,44.4,63.6
"D. Graves, C. Tremitiere, C. Yasen, L. Byears, L. Savasta",SAC,3,0.0,44.4
"D. Head, W. Palmer, J. Hicks, K. Williams, D. Carter",UTA,3,120.0,100.0
"D. Head, W. Palmer, K. Williams, D. Carter, K. Booker",UTA,3,28.6,100.0
"D. Head, W. Palmer, T. Reiss, K. Booker, G. Koss",UTA,3,133.3,100.0
"E. Baranova, D. Head, T. Reiss, J. Hicks, G. Koss",UTA,3,33.3,80.0
"E. Baranova, L. Grooms, K. Williams, D. Carter, K. Booker",UTA,3,128.6,75.0
"E. Baranova, L. Grooms, R. Scott, D. Carter, K. Booker",UTA,3,66.7,116.7
"E. Baranova, L. Grooms, T. Reiss, J. Hicks, D. Carter",UTA,3,150.0,80.0
"E. Baranova, L. Grooms, T. Reiss, K. Booker, G. Koss",UTA,3,100.0,80.0
"E. Baranova, L. Grooms, T. Reiss, K. Williams, K. Booker",UTA,3,37.5,50.0
"E. Nemcova, M. Jones, J. Boucek, R. Brown, A. Johnson",CLE,3,50.0,50.0
"H. Zheng, J. Wideman, K. Colleton, L. Burgess, H. Burge",LAS,3,100.0,33.3
"H. Zheng, J. Wideman, T. Dixon, M. Mabika, H. Burge",LAS,3,50.0,16.7
"H. Zheng, T. Dixon, K. Colleton, L. Burgess, M. Mabika",LAS,3,0.0,80.0
"I. Fijalkowski, E. Nemcova, M. Jones, A. Maxwell, R. Brown",CLE,3,100.0,150.0
"I. Fijalkowski, L. Woodard, E. Nemcova, J. Boucek, R. Brown",CLE,3,28.6,28.6
"I. Fijalkowski, L. Woodard, E. Nemcova, T. Nicholson, R. Brown",CLE,3,40.0,42.9
"J. Arcain, C. Pollini, F. Harris, Y. Moore, T. Woosley",HOU,3,85.7,25.0
"J. Braxton, I. Fijalkowski, A. Maxwell, A. Johnson, M. Alberts",CLE,3,80.0,33.3
"J. Braxton, I. Fijalkowski, E. Nemcova, T. Nicholson, A. Johnson",CLE,3,57.1,71.4
"J. Braxton, I. Fijalkowski, M. Jones, A. Maxwell, A. Johnson",CLE,3,28.6,100.0
"J. Braxton, L. Woodard, E. Nemcova, A. Johnson, M. Alberts",CLE,3,50.0,83.3
"J. Braxton, L. Woodard, E. Nemcova, M. Jones, A. Maxwell",CLE,3,0.0,66.7
"J. Braxton, L. Woodard, E. Nemcova, M. Jones, M. Alberts",CLE,3,116.7,114.3
"J. Braxton, L. Woodard, M. Jones, T. Nicholson, R. Brown",CLE,3,85.7,116.7
"J. Braxton, M. Edwards, E. Nemcova, R. Brown, A. Johnson",CLE,3,160.0,100.0
"J. Braxton, M. Edwards, L. Woodard, E. Nemcova, A. Maxwell",CLE,3,57.1,83.3
"J. Gillom, B. Pettis, T. Foster, U. Webb, T. Williams",PHO,3,133.3,57.1
"J. Gillom, B. Pettis, U. Webb, M. Askamp, R. Becenti",PHO,3,80.0,50.0
"K. Hampton, V. Johnson, S. Wicks, K. Ford, R. Blades",NYL,3,50.0,75.0
"K. Hampton, V. Johnson, S. Wicks, R. Blades, J. Perazic-Gipe",NYL,3,120.0,50.0
"L. Grooms, D. Head, W. Palmer, J. Hicks, K. Booker",UTA,3,33.3,133.3
"L. Grooms, T. Reiss, J. Hicks, K. Booker, G. Koss",UTA,3,114.3,60.0
"L. Grooms, T. Reiss, J. Hicks, R. Scott, D. Carter",UTA,3,183.3,66.7
"L. Grooms, W. Palmer, J. Hicks, K. Williams, D. Carter",UTA,3,157.1,77.8
"L. Grooms, W. Palmer, K. Williams, D. Carter, K. Booker",UTA,3,42.9,66.7
"L. Leslie, D. Charles, J. Wideman, K. Colleton, L. Burgess",LAS,3,125.0,116.7
"L. Leslie, J. Wideman, T. Dixon, M. Mabika, H. Burge",LAS,3,225.0,120.0
"L. Leslie, T. Dixon, K. Colleton, L. Burgess, H. Burge",LAS,3,66.7,66.7
"M. Edwards, M. Jones, A. Maxwell, R. Brown, A. Johnson",CLE,3,120.0,125.0
"M. Hagiwara, M. Timms, B. Pettis, N. Lieberman, M. Askamp",PHO,3,100.0,66.7
"M. Hagiwara, M. Timms, J. Gillom, N. Lieberman, M. Askamp",PHO,3,33.3,100.0
"M. Hagiwara, M. Timms, J. Gillom, T. Foster, T. Jackson",PHO,3,57.1,66.7
"M. Hagiwara, M. Timms, J. Gillom, T. Jackson, M. Askamp",PHO,3,60.0,116.7
"M. Hagiwara, M. Timms, T. Foster, T. Jackson, M. Askamp",PHO,3,133.3,128.6
"M. Hagiwara, N. Lieberman, U. Webb, M. Ambers, M. Askamp",PHO,3,100.0,12.5
"M. Hagiwara, P. McGee, C. Tremitiere, C. Yasen, L. Byears",SAC,3,100.0,200.0
"M. Timms, B. Pettis, T. Jackson, U. Webb, M. Askamp",PHO,3,100.0,160.0
"M. Timms, J. Gillom, B. Pettis, N. Lieberman, U. Webb",PHO,3,200.0,133.3
"M. Timms, J. Gillom, N. Lieberman, T. Foster, T. Jackson",PHO,3,0.0,71.4
"M. Timms, T. Jackson, U. Webb, M. Askamp, T. Williams",PHO,3,150.0,66.7
"P. Toler, D. Charles, H. Zheng, J. Wideman, M. Mabika",LAS,3,33.3,33.3
"P. Toler, H. Zheng, J. Wideman, T. Dixon, L. Burgess",LAS,3,71.4,85.7
"P. Toler, J. Wideman, K. Colleton, L. Burgess, H. Burge",LAS,3,160.0,80.0
"R. Bolton, B. Gordon, C. Tremitiere, L. Byears, D. Viglione",SAC,3,114.3,77.8
"R. Bolton, B. Gordon, C. Tremitiere, T. Abraham, D. Viglione",SAC,3,157.1,171.4
"R. Bolton, B. Gordon, J. Mosley-McAfee, M. Hagiwara, T. Abraham",SAC,3,100.0,71.4
"R. Bolton, B. Gordon, M. Hagiwara, P. McGee, L. Byears",SAC,3,66.7,100.0
"R. Bolton, B. Gordon, M. Hagiwara, P. McGee, T. Abraham",SAC,3,114.3,114.3
"R. Bolton, B. Gordon, T. Abraham, L. Savasta, M. Clark",SAC,3,100.0,50.0
"R. Bolton, C. Tremitiere, T. Abraham, L. Byears, D. Viglione",SAC,3,100.0,83.3
"R. Bolton, M. Hagiwara, C. Tremitiere, T. Abraham, M. Clark",SAC,3,75.0,0.0
"R. Bolton, M. Hagiwara, D. Graves, C. Tremitiere, L. Byears",SAC,3,85.7,100.0
"R. Bolton, P. McGee, C. Tremitiere, L. Byears, D. Viglione",SAC,3,83.3,80.0
"R. Lobo, T. Weatherspoon, K. Hampton, S. Witherspoon, J. Perazic-Gipe",NYL,3,83.3,57.1
"R. Lobo, T. Weatherspoon, V. Johnson, S. Wicks, J. Perazic-Gipe",NYL,3,125.0,50.0
"R. Mapp, D. Williams, A. Congreaves, P. McCray, Nikki (, N. Levesque",CHA,3,66.7,100.0
"R. Mapp, T. Suber, S. Manning, A. Congreaves, P. McCray, Nikki (",CHA,3,116.7,66.7
"S. Swoopes, C. Cooper, T. Thompson, T. Jackson, F. Harris",HOU,3,116.7,42.9
"S. Swoopes, W. Guyton, J. Arcain, T. Thompson, K. Perrot",HOU,3,150.0,20.0
"T. Suber, S. Manning, D. Williams, A. Congreaves, P. McCray, Nikki (",CHA,3,100.0,40.0
"T. Weatherspoon, K. Hampton, T. Trice, K. Ford, R. Blades",NYL,3,116.7,133.3
"T. Weatherspoon, K. Hampton, V. Johnson, S. Wicks, C. Crumpton-Moorer",NYL,3,100.0,0.0
"V. Bullett, A. Stinson, D. Williams, A. Congreaves, N. Levesque",CHA,3,116.7,66.7
"V. Bullett, A. Stinson, R. Mapp, D. Williams, M. Vukadinovic",CHA,3,77.8,88.9
"V. Bullett, A. Stinson, S. Manning, M. Vukadinovic, P. McCray, Nikki (",CHA,3,62.5,87.5
"V. Bullett, S. Manning, A. Congreaves, P. McCray, Nikki (, N. Levesque",CHA,3,50.0,62.5
"V. Bullett, T. Suber, S. Manning, P. McCray, Nikki (, N. Levesque",CHA,3,50.0,116.7
"A. Stinson, R. Mapp, A. Congreaves, M. Vukadinovic, P. McCray, Nikki (",CHA,2,120.0,150.0
"A. Stinson, R. Mapp, S. Manning, A. Congreaves, P. McCray, Nikki (",CHA,2,133.3,66.7
"A. Stinson, R. Mapp, S. Manning, K. Artis, N. Levesque",CHA,2,33.3,125.0
"A. Stinson, S. Manning, K. Artis, P. McCray, Nikki (, S. Hopson-Shelton",CHA,2,125.0,50.0
"A. Stinson, S. Manning, K. Artis, S. Hopson-Shelton, N. Levesque",CHA,2,66.7,166.7
"A. Stinson, T. Suber, S. Manning, A. Congreaves, K. Artis",CHA,2,75.0,0.0
"A. Stinson, T. Suber, S. Manning, A. Congreaves, S. Hopson-Shelton",CHA,2,100.0,166.7
"B. Gordon, C. Tremitiere, T. Abraham, C. Yasen, L. Byears",SAC,2,25.0,175.0
"B. Gordon, C. Tremitiere, Y. Angel, L. Byears, L. Savasta",SAC,2,40.0,80.0
"B. Gordon, D. Graves, C. Yasen, Y. Angel, L. Byears",SAC,2,40.0,0.0
"B. Gordon, J. Mosley-McAfee, C. Tremitiere, L. Byears, L. Savasta",SAC,2,40.0,160.0
"B. Gordon, J. Mosley-McAfee, C. Tremitiere, Y. Angel, L. Byears",SAC,2,200.0,100.0
"B. Gordon, J. Mosley-McAfee, D. Graves, Y. Angel, L. Savasta",SAC,2,0.0,0.0
"B. Gordon, J. Mosley-McAfee, M. Hagiwara, P. McGee, Y. Angel",SAC,2,100.0,100.0
"B. Gordon, J. Mosley-McAfee, P. McGee, C. Tremitiere, L. Savasta",SAC,2,50.0,166.7
"B. Gordon, M. Hagiwara, P. McGee, C. Tremitiere, T. Abraham",SAC,2,66.7,75.0
"B. Gordon, M. Hagiwara, P. McGee, Y. Angel, L. Byears",SAC,2,133.3,133.3
"B. Gordon, P. McGee, C. Tremitiere, C. Yasen, L. Savasta",SAC,2,125.0,75.0
"B. Gordon, P. McGee, C. Tremitiere, L. Byears, D. Viglione",SAC,2,200.0,66.7
"B. Gordon, P. McGee, C. Yasen, Y. Angel, L. Byears",SAC,2,133.3,100.0
"B. Gordon, P. McGee, Y. Angel, L. Byears, L. Savasta",SAC,2,150.0,150.0
"B. Gordon, T. Abraham, L. Byears, D. Viglione, L. Savasta",SAC,2,80.0,40.0
"B. Pettis, N. Lieberman, M. Ambers, M. Askamp, T. Williams",PHO,2,80.0,40.0
"B. Pettis, N. Lieberman, T. Foster, U. Webb, M. Ambers",PHO,2,42.9,33.3
"B. Pettis, T. Foster, T. Jackson, U. Webb, M. Askamp",PHO,2,80.0,66.7
"C. Cooper, J. Arcain, C. Pollini, P. Gay, T. Woosley",HOU,2,175.0,125.0
"C. Cooper, J. Arcain, T. Jackson, K. Perrot, Y. Moore",HOU,2,66.7,100.0
"C. Cooper, J. Arcain, T. Thompson, C. Pollini, F. Harris",HOU,2,33.3,66.7
"C. Cooper, J. Arcain, T. Thompson, C. Pollini, T. Woosley",HOU,2,80.0,100.0
"C. Cooper, T. Jackson, C. Pollini, K. Perrot, F. Harris",HOU,2,133.3,0.0
"C. Cooper, W. Guyton, C. Pollini, K. Perrot, F. Harris",HOU,2,50.0,200.0
"C. Cooper, W. Guyton, F. Harris, Y. Moore, T. Woosley",HOU,2,100.0,133.3
"C. Cooper, W. Guyton, T. Thompson, F. Harris, Y. Moore",HOU,2,133.3,200.0
"C. Tremitiere, T. Abraham, Y. Angel, L. Savasta, M. Clark",SAC,2,40.0,83.3
"D. Charles, H. Zheng, T. Dixon, K. Colleton, M. Mabika",LAS,2,0.0,133.3
"D. Charles, J. Wideman, K. Colleton, L. Burgess, M. Mabika",LAS,2,120.0,140.0
"D. Charles, J. Wideman, K. Colleton, T. Gant, M. Mabika",LAS,2,50.0,100.0
"D. Charles, J. Wideman, T. Dixon, L. Burgess, M. Mabika",LAS,2,60.0,100.0
"D. Head, T. Reiss, J. Hicks, R. Scott, K. Williams",UTA,2,62.5,112.5
"D. Head, W. Palmer, T. Reiss, J. Hicks, M. Compain",UTA,2,33.3,140.0
"D. Head, W. Palmer, T. Reiss, K. Williams, K. Booker",UTA,2,100.0,40.0
"D. Head, W. Palmer, T. Reiss, M. Compain, K. Booker",UTA,2,0.0,200.0
"E. Baranova, D. Head, J. Hicks, K. Williams, K. Booker",UTA,2,100.0,100.0
"E. Baranova, D. Head, R. Scott, K. Williams, K. Booker",UTA,2,100.0,66.7
"E. Baranova, D. Head, T. Reiss, K. Williams, D. Carter",UTA,2,0.0,66.7
"E. Baranova, L. Grooms, D. Head, J. Hicks, M. Compain",UTA,2,0.0,66.7
"E. Baranova, L. Grooms, D. Head, K. Williams, K. Booker",UTA,2,120.0,50.0
"E. Baranova, L. Grooms, D. Head, W. Palmer, G. Koss",UTA,2,20.0,0.0
"E. Baranova, L. Grooms, K. Williams, K. Booker, G. Koss",UTA,2,75.0,175.0
"E. Baranova, W. Palmer, T. Reiss, K. Williams, M. Compain",UTA,2,100.0,100.0
"H. Zheng, J. Wideman, K. Colleton, M. Mabika, H. Burge",LAS,2,0.0,75.0
"H. Zheng, J. Wideman, L. Burgess, M. Mabika, H. Burge",LAS,2,50.0,66.7
"H. Zheng, J. Wideman, T. Dixon, L. Burgess, M. Mabika",LAS,2,66.7,50.0
"I. Fijalkowski, L. Woodard, E. Nemcova, M. Jones, A. Maxwell",CLE,2,62.5,0.0
"I. Fijalkowski, L. Woodard, E. Nemcova, R. Brown, M. Alberts",CLE,2,175.0,100.0
"I. Fijalkowski, L. Woodard, M. Jones, J. Boucek, A. Johnson",CLE,2,66.7,200.0
"J. Arcain, T. Thompson, F. Harris, Y. Moore, T. Woosley",HOU,2,50.0,100.0
"J. Braxton, I. Fijalkowski, E. Nemcova, T. Nicholson, A. Maxwell",CLE,2,125.0,0.0
"J. Braxton, M. Edwards, E. Nemcova, M. Jones, T. Nicholson",CLE,2,25.0,100.0
"J. Braxton, M. Edwards, L. Woodard, E. Nemcova, T. Nicholson",CLE,2,60.0,120.0
"J. Braxton, M. Jones, J. Boucek, R. Brown, A. Johnson",CLE,2,100.0,133.3
"J. Braxton, M. Jones, T. Nicholson, A. Maxwell, R. Brown",CLE,2,20.0,33.3
"J. Gillom, B. Pettis, N. Lieberman, T. Foster, M. Askamp",PHO,2,50.0,200.0
"J. Gillom, B. Pettis, N. Lieberman, T. Foster, T. Williams",PHO,2,25.0,83.3
"J. Gillom, B. Pettis, T. Foster, U. Webb, R. Becenti",PHO,2,75.0,150.0
"J. Gillom, N. Lieberman, T. Foster, T. Jackson, U. Webb",PHO,2,40.0,83.3
"L. Grooms, D. Head, W. Palmer, K. Williams, K. Booker",UTA,2,0.0,150.0
"L. Grooms, T. Reiss, J. Hicks, K. Williams, K. Booker",UTA,2,50.0,125.0
"L. Grooms, W. Palmer, T. Reiss, J. Hicks, G. Koss",UTA,2,75.0,160.0
"L. Grooms, W. Palmer, T. Reiss, J. Hicks, M. Compain",UTA,2,100.0,100.0
"L. Grooms, W. Palmer, T. Reiss, R. Scott, D. Carter",UTA,2,50.0,50.0
"L. Leslie, D. Charles, J. Wideman, K. Colleton, M. Mabika",LAS,2,125.0,150.0
"L. Leslie, P. Toler, J. Wideman, K. Colleton, M. Mabika",LAS,2,80.0,80.0
"L. Woodard, E. Nemcova, M. Jones, R. Brown, A. Johnson",CLE,2,66.7,133.3
"L. Woodard, E. Nemcova, M. Jones, T. Nicholson, R. Brown",CLE,2,100.0,80.0
"L. Woodard, T. Nicholson, A. Maxwell, R. Brown, A. Johnson",CLE,2,125.0,66.7
"M. Edwards, I. Fijalkowski, E. Nemcova, A. Maxwell, A. Johnson",CLE,2,200.0,0.0
"M. Edwards, I. Fijalkowski, L. Woodard, E. Nemcova, M. Jones",CLE,2,60.0,166.7
"M. Edwards, I. Fijalkowski, L. Woodard, E. Nemcova, T. Nicholson",CLE,2,0.0,100.0
"M. Edwards, I. Fijalkowski, M. Jones, A. Maxwell, A. Johnson",CLE,2,133.3,150.0
"M. Hagiwara, B. Pettis, T. Foster, U. Webb, M. Askamp",PHO,2,0.0,150.0
"M. Hagiwara, C. Tremitiere, T. Abraham, Y. Angel, L. Byears",SAC,2,100.0,100.0
"M. Hagiwara, J. Gillom, T. Foster, T. Jackson, U. Webb",PHO,2,100.0,100.0
"M. Hagiwara, M. Timms, J. Gillom, B. Pettis, T. Williams",PHO,2,0.0,100.0
"M. Hagiwara, M. Timms, J. Gillom, N. Lieberman, T. Foster",PHO,2,100.0,112.5
"M. Hagiwara, M. Timms, N. Lieberman, T. Foster, M. Askamp",PHO,2,125.0,200.0
"M. Hagiwara, M. Timms, T. Jackson, U. Webb, M. Askamp",PHO,2,100.0,66.7
"M. Hagiwara, M. Timms, U. Webb, M. Ambers, M. Askamp",PHO,2,0.0,66.7
"M. Hagiwara, N. Lieberman, U. Webb, M. Askamp, T. Williams",PHO,2,0.0,100.0
"M. Timms, B. Pettis, M. Ambers, M. Askamp, T. Williams",PHO,2,75.0,133.3
"M. Timms, B. Pettis, T. Foster, T. Jackson, U. Webb",PHO,2,116.7,14.3
"M. Timms, B. Pettis, T. Foster, U. Webb, M. Ambers",PHO,2,0.0,120.0
"M. Timms, B. Pettis, T. Foster, U. Webb, T. Williams",PHO,2,0.0,125.0
"M. Timms, J. Gillom, B. Pettis, N. Lieberman, T. Williams",PHO,2,133.3,66.7
"M. Timms, J. Gillom, N. Lieberman, M. Askamp, T. Williams",PHO,2,25.0,133.3
"M. Timms, J. Gillom, T. Foster, U. Webb, M. Askamp",PHO,2,0.0,75.0
"M. Timms, T. Foster, T. Jackson, M. Askamp, T. Williams",PHO,2,50.0,100.0
"P. McGee, C. Tremitiere, Y. Angel, L. Byears, L. Savasta",SAC,2,66.7,50.0
"P. Toler, D. Charles, H. Zheng, J. Wideman, T. Dixon",LAS,2,150.0,100.0
"P. Toler, D. Charles, H. Zheng, T. Dixon, K. Colleton",LAS,2,80.0,75.0
"P. Toler, D. Charles, J. Wideman, L. Burgess, M. Mabika",LAS,2,33.3,80.0
"P. Toler, D. Charles, T. Dixon, L. Burgess, H. Burge",LAS,2,66.7,166.7
"P. Toler, H. Zheng, J. Wideman, L. Burgess, H. Burge",LAS,2,80.0,66.7
"P. Toler, H. Zheng, T. Dixon, L. Burgess, H. Burge",LAS,2,71.4,50.0
"P. Toler, J. Wideman, T. Dixon, L. Burgess, H. Burge",LAS,2,125.0,120.0
"R. Bolton, B. Gordon, C. Tremitiere, C. Yasen, L. Byears",SAC,2,100.0,66.7
"R. Bolton, B. Gordon, D. Graves, C. Yasen, L. Savasta",SAC,2,100.0,0.0
"R. Bolton, B. Gordon, M. Hagiwara, D. Graves, C. Yasen",SAC,2,200.0,75.0
"R. Bolton, B. Gordon, P. McGee, C. Yasen, L. Savasta",SAC,2,60.0,66.7
"R. Bolton, B. Gordon, P. McGee, T. Abraham, L. Savasta",SAC,2,66.7,100.0
"R. Bolton, B. Gordon, T. Abraham, L. Byears, L. Savasta",SAC,2,0.0,200.0
"R. Bolton, J. Mosley-McAfee, M. Hagiwara, D. Graves, C. Tremitiere",SAC,2,66.7,0.0
"R. Lobo, K. Hampton, V. Johnson, K. Ford, R. Blades",NYL,2,125.0,100.0
"R. Lobo, S. Wicks, S. Witherspoon, T. Trice, R. Blades",NYL,2,133.3,125.0
"R. Lobo, T. Weatherspoon, K. Hampton, K. Ford, R. Blades",NYL,2,66.7,100.0
"R. Lobo, T. Weatherspoon, K. Hampton, V. Johnson, R. Blades",NYL,2,160.0,60.0
"R. Lobo, T. Weatherspoon, S. Wicks, T. Trice, R. Blades",NYL,2,0.0,0.0
"R. Lobo, T. Weatherspoon, S. Witherspoon, T. Trice, J. Perazic-Gipe",NYL,2,0.0,50.0
"R. Lobo, T. Weatherspoon, T. Trice, K. Ford, J. Perazic-Gipe",NYL,2,80.0,100.0
"R. Lobo, T. Weatherspoon, T. Trice, R. Blades, C. Crumpton-Moorer",NYL,2,66.7,66.7
"R. Lobo, V. Johnson, S. Wicks, R. Blades, C. Crumpton-Moorer",NYL,2,0.0,100.0
"R. Mapp, D. Williams, A. Congreaves, K. Artis, N. Levesque",CHA,2,16.7,160.0
"R. Mapp, T. Suber, A. Congreaves, S. Hopson-Shelton, N. Levesque",CHA,2,150.0,200.0
"S. Manning, K. Artis, P. McCray, Nikki (, S. Hopson-Shelton, N. Levesque",CHA,2,83.3,40.0
"S. Swoopes, C. Cooper, T. Thompson, K. Perrot, F. Harris",HOU,2,133.3,75.0
"S. Swoopes, C. Cooper, W. Guyton, J. Arcain, T. Thompson",HOU,2,100.0,125.0
"S. Swoopes, J. Arcain, F. Harris, Y. Moore, T. Woosley",HOU,2,80.0,125.0
"S. Wicks, S. Witherspoon, T. Trice, R. Blades, J. Perazic-Gipe",NYL,2,75.0,200.0
"T. Jackson, C. Pollini, P. Gay, F. Harris, T. Woosley",HOU,2,71.4,50.0
"T. Reiss, J. Hicks, K. Williams, M. Compain, K. Booker",UTA,2,25.0,75.0
"T. Weatherspoon, K. Hampton, S. Witherspoon, T. Trice, K. Ford",NYL,2,40.0,120.0
"T. Weatherspoon, K. Hampton, V. Johnson, S. Wicks, R. Blades",NYL,2,40.0,75.0
"V. Bullett, A. Stinson, R. Mapp, A. Congreaves, K. Artis",CHA,2,0.0,166.7
"V. Bullett, A. Stinson, R. Mapp, D. Williams, N. Levesque",CHA,2,66.7,133.3
"V. Bullett, A. Stinson, S. Manning, D. Williams, N. Levesque",CHA,2,50.0,0.0
"V. Bullett, A. Stinson, T. Suber, D. Williams, A. Congreaves",CHA,2,66.7,80.0
"V. Bullett, R. Mapp, D. Williams, P. McCray, Nikki (, N. Levesque",CHA,2,0.0,100.0
"V. Bullett, R. Mapp, T. Suber, P. McCray, Nikki (, N. Levesque",CHA,2,66.7,0.0
"V. Bullett, T. Suber, D. Williams, A. Congreaves, P. McCray, Nikki (",CHA,2,0.0,100.0
"V. Bullett, T. Suber, S. Manning, A. Congreaves, N. Levesque",CHA,2,40.0,60.0
"W. Guyton, T. Jackson, C. Pollini, F. Harris, T. Woosley",HOU,2,120.0,0.0
"W. Guyton, T. Thompson, T. Jackson, C. Pollini, T. Woosley",HOU,2,40.0,40.0
"W. Guyton, T. Thompson, T. Jackson, F. Harris, T. Woosley",HOU,2,0.0,66.7
"W. Palmer, T. Reiss, J. Hicks, K. Williams, K. Booker",UTA,2,100.0,100.0
"W. Palmer, T. Reiss, K. Williams, D. Carter, G. Koss",UTA,2,0.0,66.7
"A. Stinson, R. Mapp, T. Suber, A. Congreaves, S. Hopson-Shelton",CHA,1,0.0,200.0
"A. Stinson, R. Mapp, T. Suber, S. Manning, K. Artis",CHA,1,66.7,200.0
"A. Stinson, T. Suber, S. Manning, D. Williams, A. Congreaves",CHA,1,0.0,0.0
"A. Stinson, T. Suber, S. Manning, P. McCray, Nikki (, S. Hopson-Shelton",CHA,1,200.0,0.0
"B. Gordon, C. Tremitiere, T. Abraham, C. Yasen, Y. Angel",SAC,1,0.0,150.0
"B. Gordon, C. Tremitiere, T. Abraham, L. Byears, D. Viglione",SAC,1,0.0,0.0
"B. Gordon, J. Mosley-McAfee, D. Graves, C. Tremitiere, Y. Angel",SAC,1,200.0,50.0
"B. Gordon, J. Mosley-McAfee, M. Hagiwara, D. Graves, C. Tremitiere",SAC,1,125.0,0.0
"B. Gordon, J. Mosley-McAfee, M. Hagiwara, T. Abraham, Y. Angel",SAC,1,66.7,50.0
"B. Gordon, J. Mosley-McAfee, P. McGee, C. Tremitiere, C. Yasen",SAC,1,0.0,200.0
"B. Gordon, J. Mosley-McAfee, P. McGee, C. Tremitiere, Y. Angel",SAC,1,0.0,0.0
"B. Gordon, M. Hagiwara, C. Tremitiere, L. Byears, L. Savasta",SAC,1,40.0,100.0
"B. Gordon, M. Hagiwara, C. Tremitiere, T. Abraham, C. Yasen",SAC,1,0.0,100.0
"B. Gordon, M. Hagiwara, C. Tremitiere, T. Abraham, L. Savasta",SAC,1,0.0,100.0
"B. Gordon, M. Hagiwara, P. McGee, C. Tremitiere, L. Savasta",SAC,1,0.0,0.0
"B. Gordon, P. McGee, C. Tremitiere, C. Yasen, Y. Angel",SAC,1,66.7,100.0
"B. Gordon, P. McGee, C. Tremitiere, L. Byears, M. Clark",SAC,1,100.0,250.0
"B. Gordon, P. McGee, D. Graves, C. Tremitiere, L. Savasta",SAC,1,150.0,33.3
"B. Gordon, T. Abraham, C. Yasen, D. Viglione, L. Savasta",SAC,1,0.0,100.0
"B. Pettis, N. Lieberman, M. Ambers, M. Askamp, M. Tuter",PHO,1,50.0,66.7
"B. Pettis, N. Lieberman, T. Foster, T. Jackson, M. Askamp",PHO,1,50.0,66.7
"C. Cooper, J. Arcain, T. Jackson, C. Pollini, F. Harris",HOU,1,0.0,100.0
"C. Cooper, J. Arcain, T. Thompson, F. Harris, T. Woosley",HOU,1,0.0,100.0
"C. Cooper, J. Arcain, T. Thompson, T. Jackson, F. Harris",HOU,1,50.0,0.0
"C. Cooper, T. Jackson, C. Pollini, P. Gay, T. Woosley",HOU,1,200.0,0.0
"C. Cooper, T. Thompson, C. Pollini, K. Perrot, F. Harris",HOU,1,66.7,133.3
"C. Cooper, T. Thompson, T. Jackson, K. Perrot, T. Woosley",HOU,1,0.0,166.7
"C. Cooper, T. Thompson, T. Jackson, P. Gay, F. Harris",HOU,1,0.0,100.0
"C. Cooper, W. Guyton, C. Pollini, F. Harris, Y. Moore",HOU,1,0.0,100.0
"C. Cooper, W. Guyton, K. Perrot, F. Harris, Y. Moore",HOU,1,133.3,0.0
"C. Cooper, W. Guyton, T. Jackson, C. Pollini, K. Perrot",HOU,1,100.0,200.0
"C. Cooper, W. Guyton, T. Thompson, C. Pollini, F. Harris",HOU,1,0.0,150.0
"D. Charles, H. Zheng, J. Wideman, T. Dixon, K. Colleton",LAS,1,0.0,150.0
"D. Charles, J. Wideman, T. Dixon, K. Colleton, H. Burge",LAS,1,0.0,0.0
"D. Charles, J. Wideman, T. Dixon, K. Colleton, M. Mabika",LAS,1,0.0,0.0
"D. Charles, T. Dixon, K. Colleton, L. Burgess, M. Mabika",LAS,1,0.0,166.7
"D. Charles, T. Dixon, K. Colleton, M. Mabika, H. Burge",LAS,1,150.0,0.0
"D. Head, J. Hicks, K. Williams, M. Compain, G. Koss",UTA,1,0.0,200.0
"D. Head, J. Hicks, K. Williams, M. Compain, K. Booker",UTA,1,0.0,133.3
"D. Head, T. Reiss, R. Scott, K. Williams, D. Carter",UTA,1,150.0,200.0
"D. Head, W. Palmer, J. Hicks, K. Williams, M. Compain",UTA,1,0.0,200.0
"D. Head, W. Palmer, T. Reiss, J. Hicks, K. Booker",UTA,1,0.0,133.3
"E. Baranova, D. Head, J. Hicks, K. Williams, G. Koss",UTA,1,100.0,150.0
"E. Baranova, L. Grooms, D. Head, D. Carter, K. Booker",UTA,1,0.0,200.0
"E. Baranova, L. Grooms, D. Head, J. Hicks, D. Carter",UTA,1,0.0,200.0
"E. Baranova, L. Grooms, D. Head, J. Hicks, K. Booker",UTA,1,133.3,50.0
"E. Baranova, L. Grooms, D. Head, W. Palmer, J. Hicks",UTA,1,0.0,100.0
"E. Baranova, L. Grooms, J. Hicks, K. Williams, K. Booker",UTA,1,200.0,100.0
"E. Baranova, L. Grooms, R. Scott, K. Williams, K. Booker",UTA,1,100.0,75.0
"E. Baranova, L. Grooms, T. Reiss, R. Scott, K. Booker",UTA,1,0.0,0.0
"E. Baranova, L. Grooms, T. Reiss, R. Scott, K. Williams",UTA,1,66.7,66.7
"E. Baranova, L. Grooms, W. Palmer, T. Reiss, J. Hicks",UTA,1,0.0,66.7
"E. Baranova, T. Reiss, K. Williams, D. Carter, K. Booker",UTA,1,0.0,300.0
"E. Baranova, T. Reiss, K. Williams, K. Booker, G. Koss",UTA,1,0.0,0.0
"E. Nemcova, T. Nicholson, A. Maxwell, R. Brown, A. Johnson",CLE,1,150.0,133.3
"H. Zheng, J. Wideman, K. Colleton, L. Burgess, M. Mabika",LAS,1,100.0,100.0
"H. Zheng, J. Wideman, T. Dixon, K. Colleton, H. Burge",LAS,1,100.0,100.0
"H. Zheng, J. Wideman, T. Dixon, K. Colleton, T. Gant",LAS,1,200.0,200.0
"H. Zheng, J. Wideman, T. Dixon, L. Burgess, H. Burge",LAS,1,0.0,0.0
"I. Fijalkowski, E. Nemcova, M. Jones, A. Maxwell, A. Johnson",CLE,1,0.0,0.0
"I. Fijalkowski, E. Nemcova, M. Jones, A. Maxwell, J. Boucek",CLE,1,66.7,0.0
"I. Fijalkowski, E. Nemcova, M. Jones, J. Boucek, A. Johnson",CLE,1,0.0,166.7
"I. Fijalkowski, E. Nemcova, M. Jones, R. Brown, M. Alberts",CLE,1,200.0,0.0
"I. Fijalkowski, E. Nemcova, M. Jones, T. Nicholson, A. Johnson",CLE,1,100.0,250.0
"I. Fijalkowski, E. Nemcova, T. Nicholson, A. Maxwell, A. Johnson",CLE,1,66.7,0.0
"I. Fijalkowski, E. Nemcova, T. Nicholson, A. Maxwell, R. Brown",CLE,1,66.7,150.0
"I. Fijalkowski, L. Woodard, M. Jones, T. Nicholson, A. Johnson",CLE,1,100.0,0.0
"I. Fijalkowski, M. Jones, A. Maxwell, R. Brown, A. Johnson",CLE,1,0.0,50.0
"I. Fijalkowski, M. Jones, J. Boucek, R. Brown, A. Johnson",CLE,1,200.0,200.0
"J. Arcain, C. Pollini, K. Perrot, F. Harris, Y. Moore",HOU,1,0.0,50.0
"J. Arcain, T. Thompson, T. Jackson, K. Perrot, T. Woosley",HOU,1,300.0,200.0
"J. Arcain, T. Thompson, T. Jackson, K. Perrot, Y. Moore",HOU,1,100.0,66.7
"J. Braxton, E. Nemcova, A. Maxwell, A. Johnson, M. Alberts",CLE,1,66.7,100.0
"J. Braxton, I. Fijalkowski, E. Nemcova, M. Jones, M. Alberts",CLE,1,0.0,0.0
"J. Braxton, I. Fijalkowski, E. Nemcova, T. Nicholson, R. Brown",CLE,1,200.0,0.0
"J. Braxton, I. Fijalkowski, L. Woodard, M. Jones, A. Johnson",CLE,1,0.0,150.0
"J. Braxton, I. Fijalkowski, L. Woodard, M. Jones, J. Boucek",CLE,1,100.0,0.0
"J. Braxton, I. Fijalkowski, L. Woodard, T. Nicholson, A. Johnson",CLE,1,100.0,100.0
"J. Braxton, I. Fijalkowski, L. Woodard, T. Nicholson, J. Boucek",CLE,1,66.7,133.3
"J. Braxton, L. Woodard, J. Boucek, R. Brown, A. Johnson",CLE,1,200.0,150.0
"J. Braxton, M. Edwards, I. Fijalkowski, E. Nemcova, J. Boucek",CLE,1,150.0,0.0
"J. Braxton, M. Edwards, L. Woodard, E. Nemcova, M. Jones",CLE,1,166.7,66.7
"J. Braxton, M. Edwards, L. Woodard, M. Jones, T. Nicholson",CLE,1,100.0,200.0
"J. Gillom, B. Pettis, T. Foster, T. Jackson, R. Becenti",PHO,1,100.0,0.0
"J. Gillom, B. Pettis, T. Jackson, M. Ambers, R. Becenti",PHO,1,200.0,100.0
"J. Gillom, T. Foster, T. Jackson, U. Webb, R. Becenti",PHO,1,0.0,75.0
"J. Wideman, T. Dixon, K. Colleton, L. Burgess, H. Burge",LAS,1,100.0,0.0
"K. Hampton, V. Johnson, T. Trice, K. Ford, R. Blades",NYL,1,100.0,0.0
"L. Grooms, D. Head, J. Hicks, K. Williams, G. Koss",UTA,1,100.0,100.0
"L. Grooms, D. Head, W. Palmer, T. Reiss, G. Koss",UTA,1,100.0,100.0
"L. Grooms, T. Reiss, J. Hicks, R. Scott, K. Booker",UTA,1,100.0,66.7
"L. Grooms, T. Reiss, J. Hicks, R. Scott, K. Williams",UTA,1,133.3,0.0
"L. Grooms, T. Reiss, R. Scott, K. Williams, K. Booker",UTA,1,0.0,0.0
"L. Grooms, W. Palmer, J. Hicks, K. Williams, G. Koss",UTA,1,66.7,0.0
"L. Grooms, W. Palmer, J. Hicks, K. Williams, K. Booker",UTA,1,0.0,200.0
"L. Grooms, W. Palmer, R. Scott, K. Williams, D. Carter",UTA,1,50.0,133.3
"L. Grooms, W. Palmer, T. Reiss, K. Williams, K. Booker",UTA,1,0.0,100.0
"L. Leslie, H. Zheng, J. Wideman, L. Burgess, M. Mabika",LAS,1,133.3,80.0
"L. Leslie, H. Zheng, T. Dixon, K. Colleton, L. Burgess",LAS,1,150.0,100.0
"L. Leslie, J. Wideman, K. Colleton, L. Burgess, H. Burge",LAS,1,66.7,0.0
"L. Leslie, J. Wideman, T. Dixon, K. Colleton, M. Mabika",LAS,1,0.0,0.0
"L. Leslie, J. Wideman, T. Dixon, K. Colleton, T. Gant",LAS,1,100.0,33.3
"L. Leslie, P. Toler, J. Wideman, K. Colleton, T. Gant",LAS,1,0.0,0.0
"L. Leslie, P. Toler, J. Wideman, T. Dixon, T. Gant",LAS,1,0.0,0.0
"L. Leslie, P. Toler, L. Burgess, M. Mabika, H. Burge",LAS,1,66.7,150.0
"L. Leslie, P. Toler, T. Dixon, K. Colleton, M. Mabika",LAS,1,0.0,250.0
"L. Leslie, T. Dixon, K. Colleton, L. Burgess, M. Mabika",LAS,1,100.0,166.7
"L. Woodard, E. Nemcova, M. Jones, R. Brown, M. Alberts",CLE,1,0.0,200.0
"M. Edwards, I. Fijalkowski, E. Nemcova, M. Jones, A. Maxwell",CLE,1,0.0,0.0
"M. Edwards, L. Woodard, E. Nemcova, J. Boucek, R. Brown",CLE,1,150.0,100.0
"M. Hagiwara, B. Pettis, N. Lieberman, T. Foster, M. Askamp",PHO,1,150.0,200.0
"M. Hagiwara, B. Pettis, T. Jackson, M. Ambers, M. Askamp",PHO,1,100.0,0.0
"M. Hagiwara, C. Tremitiere, T. Abraham, L. Byears, L. Savasta",SAC,1,100.0,0.0
"M. Hagiwara, J. Gillom, N. Lieberman, U. Webb, M. Askamp",PHO,1,66.7,100.0
"M. Hagiwara, M. Timms, B. Pettis, T. Foster, T. Williams",PHO,1,0.0,0.0
"M. Hagiwara, M. Timms, B. Pettis, T. Foster, U. Webb",PHO,1,100.0,166.7
"M. Hagiwara, M. Timms, J. Gillom, T. Jackson, U. Webb",PHO,1,150.0,133.3
"M. Hagiwara, M. Timms, N. Lieberman, M. Askamp, T. Williams",PHO,1,100.0,50.0
"M. Hagiwara, M. Timms, T. Foster, M. Askamp, T. Williams",PHO,1,0.0,100.0
"M. Hagiwara, M. Timms, T. Foster, T. Jackson, U. Webb",PHO,1,0.0,100.0
"M. Timms, B. Pettis, N. Lieberman, M. Askamp, T. Williams",PHO,1,66.7,100.0
"M. Timms, B. Pettis, T. Foster, M. Askamp, T. Williams",PHO,1,0.0,0.0
"M. Timms, J. Gillom, B. Pettis, M. Ambers, M. Askamp",PHO,1,100.0,66.7
"M. Timms, J. Gillom, N. Lieberman, T. Foster, M. Tuter",PHO,1,100.0,25.0
"M. Timms, J. Gillom, N. Lieberman, U. Webb, T. Williams",PHO,1,100.0,100.0
"M. Timms, J. Gillom, T. Jackson, M. Askamp, T. Williams",PHO,1,0.0,0.0
"M. Timms, N. Lieberman, T. Foster, M. Askamp, T. Williams",PHO,1,0.0,50.0
"M. Timms, N. Lieberman, U. Webb, M. Ambers, M. Askamp",PHO,1,50.0,0.0
"M. Timms, T. Foster, T. Jackson, U. Webb, M. Ambers",PHO,1,50.0,200.0
"M. Timms, T. Foster, U. Webb, M. Askamp, T. Williams",PHO,1,150.0,50.0
"N. Lieberman, T. Foster, U. Webb, M. Askamp, T. Williams",PHO,1,100.0,66.7
"P. Toler, D. Charles, H. Zheng, K. Colleton, M. Mabika",LAS,1,0.0,66.7
"P. Toler, D. Charles, J. Wideman, K. Colleton, H. Burge",LAS,1,0.0,0.0
"P. Toler, D. Charles, J. Wideman, M. Mabika, H. Burge",LAS,1,0.0,100.0
"P. Toler, D. Charles, J. Wideman, T. Dixon, H. Burge",LAS,1,100.0,66.7
"P. Toler, D. Charles, K. Colleton, L. Burgess, H. Burge",LAS,1,0.0,0.0
"P. Toler, D. Charles, K. Colleton, L. Burgess, M. Mabika",LAS,1,0.0,0.0
"P. Toler, D. Charles, T. Dixon, K. Colleton, K. Gessig",LAS,1,0.0,133.3
"P. Toler, D. Charles, T. Dixon, L. Burgess, K. Gessig",LAS,1,50.0,0.0
"P. Toler, H. Zheng, J. Wideman, K. Colleton, L. Burgess",LAS,1,0.0,200.0
"P. Toler, H. Zheng, K. Colleton, L. Burgess, H. Burge",LAS,1,0.0,200.0
"P. Toler, H. Zheng, K. Colleton, M. Mabika, H. Burge",LAS,1,50.0,100.0
"P. Toler, H. Zheng, T. Dixon, L. Burgess, K. Gessig",LAS,1,0.0,166.7
"P. Toler, J. Wideman, L. Burgess, M. Mabika, H. Burge",LAS,1,33.3,133.3
"P. Toler, K. Colleton, T. Gant, L. Burgess, M. Mabika",LAS,1,0.0,100.0
"P. Toler, T. Dixon, K. Colleton, L. Burgess, H. Burge",LAS,1,0.0,125.0
"P. Toler, T. Dixon, L. Burgess, M. Mabika, H. Burge",LAS,1,150.0,200.0
"R. Bolton, B. Gordon, C. Tremitiere, D. Viglione, M. Clark",SAC,1,0.0,100.0
"R. Bolton, B. Gordon, D. Graves, C. Tremitiere, T. Abraham",SAC,1,0.0,150.0
"R. Bolton, B. Gordon, D. Graves, L. Savasta, M. Clark",SAC,1,0.0,133.3
"R. Bolton, B. Gordon, J. Mosley-McAfee, P. McGee, C. Yasen",SAC,1,0.0,0.0
"R. Bolton, B. Gordon, P. McGee, C. Tremitiere, D. Viglione",SAC,1,0.0,0.0
"R. Bolton, B. Gordon, P. McGee, C. Tremitiere, L. Savasta",SAC,1,200.0,0.0
"R. Bolton, D. Graves, C. Tremitiere, D. Viglione, M. Clark",SAC,1,100.0,66.7
"R. Bolton, D. Graves, C. Tremitiere, L. Byears, D. Viglione",SAC,1,66.7,0.0
"R. Bolton, J. Mosley-McAfee, D. Graves, C. Tremitiere, C. Yasen",SAC,1,0.0,0.0
"R. Bolton, J. Mosley-McAfee, P. McGee, C. Tremitiere, T. Abraham",SAC,1,66.7,100.0
"R. Bolton, M. Hagiwara, C. Tremitiere, T. Abraham, C. Yasen",SAC,1,125.0,133.3
"R. Bolton, T. Abraham, L. Byears, D. Viglione, L. Savasta",SAC,1,100.0,200.0
"R. Lobo, K. Hampton, S. Wicks, S. Witherspoon, R. Blades",NYL,1,40.0,0.0
"R. Lobo, S. Wicks, K. Ford, R. Blades, J. Perazic-Gipe",NYL,1,0.0,150.0
"R. Lobo, T. Weatherspoon, K. Hampton, S. Wicks, K. Ford",NYL,1,150.0,0.0
"R. Lobo, T. Weatherspoon, V. Johnson, S. Witherspoon, R. Blades",NYL,1,85.7,112.5
"R. Lobo, T. Weatherspoon, V. Johnson, T. Trice, R. Blades",NYL,1,166.7,100.0
"R. Mapp, S. Manning, A. Congreaves, P. McCray, Nikki (, N. Levesque",CHA,1,0.0,100.0
"R. Mapp, T. Suber, A. Congreaves, K. Artis, S. Hopson-Shelton",CHA,1,66.7,0.0
"R. Mapp, T. Suber, S. Manning, A. Congreaves, N. Levesque",CHA,1,300.0,100.0
"R. Mapp, T. Suber, S. Manning, K. Artis, P. McCray, Nikki (",CHA,1,100.0,66.7
"S. Manning, A. Congreaves, K. Artis, P. McCray, Nikki (, N. Levesque",CHA,1,0.0,100.0
"S. Swoopes, C. Cooper, T. Jackson, K. Perrot, F. Harris",HOU,1,0.0,0.0
"S. Swoopes, C. Cooper, T. Thompson, K. Perrot, Y. Moore",HOU,1,200.0,100.0
"S. Swoopes, C. Cooper, T. Thompson, T. Jackson, T. Woosley",HOU,1,100.0,0.0
"S. Swoopes, C. Cooper, W. Guyton, T. Jackson, F. Harris",HOU,1,0.0,0.0
"S. Swoopes, C. Cooper, W. Guyton, T. Jackson, T. Woosley",HOU,1,66.7,200.0
"S. Swoopes, T. Thompson, F. Harris, Y. Moore, T. Woosley",HOU,1,0.0,0.0
"S. Swoopes, T. Thompson, K. Perrot, F. Harris, Y. Moore",HOU,1,100.0,100.0
"S. Swoopes, W. Guyton, T. Jackson, F. Harris, T. Woosley",HOU,1,300.0,100.0
"S. Swoopes, W. Guyton, T. Thompson, K. Perrot, F. Harris",HOU,1,0.0,0.0
"T. Jackson, C. Pollini, P. Gay, K. Perrot, F. Harris",HOU,1,0.0,0.0
"T. Reiss, J. Hicks, K. Williams, K. Booker, G. Koss",UTA,1,0.0,125.0
"T. Suber, S. Manning, A. Congreaves, K. Artis, P. McCray, Nikki (",CHA,1,0.0,200.0
"T. Suber, S. Manning, A. Congreaves, P. McCray, Nikki (, N. Levesque",CHA,1,0.0,0.0
"T. Suber, S. Manning, A. Congreaves, P. McCray, Nikki (, S. Hopson-Shelton",CHA,1,0.0,66.7
"T. Suber, S. Manning, P. McCray, Nikki (, S. Hopson-Shelton, N. Levesque",CHA,1,0.0,250.0
"T. Thompson, C. Pollini, K. Perrot, F. Harris, Y. Moore",HOU,1,200.0,0.0
"T. Thompson, C. Pollini, P. Gay, F. Harris, T. Woosley",HOU,1,50.0,66.7
"T. Thompson, C. Pollini, P. Gay, K. Perrot, F. Harris",HOU,1,300.0,200.0
"T. Weatherspoon, K. Hampton, S. Wicks, K. Ford, R. Blades",NYL,1,0.0,250.0
"T. Weatherspoon, K. Hampton, S. Witherspoon, T. Trice, R. Blades",NYL,1,66.7,150.0
"T. Weatherspoon, K. Hampton, V. Johnson, T. Trice, K. Ford",NYL,1,60.0,50.0
"T. Weatherspoon, S. Wicks, T. Trice, K. Ford, J. Perazic-Gipe",NYL,1,0.0,33.3
"V. Bullett, A. Stinson, A. Congreaves, S. Hopson-Shelton, N. Levesque",CHA,1,300.0,0.0
"V. Bullett, A. Stinson, R. Mapp, K. Artis, P. McCray, Nikki (",CHA,1,100.0,0.0
"V. Bullett, A. Stinson, R. Mapp, M. Vukadinovic, P. McCray, Nikki (",CHA,1,300.0,66.7
"V. Bullett, A. Stinson, T. Suber, A. Congreaves, K. Artis",CHA,1,0.0,0.0
"V. Bullett, R. Mapp, T. Suber, D. Williams, A. Congreaves",CHA,1,0.0,100.0
"V. Bullett, S. Manning, D. Williams, P. McCray, Nikki (, N. Levesque",CHA,1,0.0,175.0
"V. Bullett, T. Suber, S. Manning, D. Williams, K. Artis",CHA,1,200.0,0.0
"W. Guyton, C. Pollini, P. Gay, F. Harris, T. Woosley",HOU,1,0.0,0.0
"W. Guyton, J. Arcain, C. Pollini, F. Harris, T. Woosley",HOU,1,100.0,133.3
"W. Guyton, T. Jackson, K. Perrot, F. Harris, T. Woosley",HOU,1,0.0,66.7
"W. Guyton, T. Jackson, P. Gay, F. Harris, T. Woosley",HOU,1,133.3,133.3
"A. Stinson, R. Mapp, T. Suber, A. Congreaves, N. Levesque",CHA,0,0.0,300.0
"C. Cooper, J. Arcain, T. Thompson, K. Perrot, F. Harris",HOU,0,0.0,0.0
"C. Cooper, J. Arcain, T. Thompson, K. Perrot, T. Woosley",HOU,0,0.0,0.0
"C. Cooper, T. Thompson, K. Perrot, F. Harris, T. Woosley",HOU,0,300.0,200.0
"C. Cooper, W. Guyton, J. Arcain, C. Pollini, K. Perrot",HOU,0,200.0,0.0
"C. Cooper, W. Guyton, J. Arcain, K. Perrot, F. Harris",HOU,0,0.0,0.0
"C. Cooper, W. Guyton, T. Jackson, C. Pollini, T. Woosley",HOU,0,0.0,0.0
"D. Charles, H. Zheng, J. Wideman, T. Dixon, M. Mabika",LAS,0,0.0,0.0
"D. Charles, J. Wideman, T. Dixon, L. Burgess, K. Gessig",LAS,0,0.0,0.0
"D. Head, J. Hicks, M. Compain, K. Booker, G. Koss",UTA,0,0.0,0.0
"D. Head, T. Reiss, J. Hicks, M. Compain, K. Booker",UTA,0,200.0,200.0
"E. Baranova, L. Grooms, J. Hicks, K. Williams, G. Koss",UTA,0,0.0,0.0
"E. Baranova, L. Grooms, W. Palmer, R. Scott, K. Williams",UTA,0,0.0,0.0
"E. Baranova, W. Palmer, T. Reiss, D. Carter, K. Booker",UTA,0,200.0,200.0
"E. Baranova, W. Palmer, T. Reiss, J. Hicks, K. Williams",UTA,0,0.0,100.0
"E. Nemcova, A. Maxwell, J. Boucek, R. Brown, A. Johnson",CLE,0,0.0,50.0
"H. Zheng, T. Dixon, K. Colleton, M. Mabika, H. Burge",LAS,0,50.0,0.0
"I. Fijalkowski, L. Woodard, E. Nemcova, T. Nicholson, A. Maxwell",CLE,0,100.0,0.0
"J. Arcain, T. Thompson, K. Perrot, Y. Moore, T. Woosley",HOU,0,0.0,0.0
"J. Braxton, I. Fijalkowski, E. Nemcova, J. Boucek, A. Johnson",CLE,0,300.0,0.0
"J. Braxton, M. Edwards, I. Fijalkowski, E. Nemcova, R. Brown",CLE,0,0.0,0.0
"J. Gillom, B. Pettis, N. Lieberman, U. Webb, T. Williams",PHO,0,0.0,0.0
"J. Gillom, N. Lieberman, T. Jackson, M. Askamp, M. Tuter",PHO,0,0.0,0.0
"K. Hampton, S. Wicks, K. Ford, R. Blades, J. Perazic-Gipe",NYL,0,200.0,200.0
"L. Grooms, D. Head, W. Palmer, J. Hicks, G. Koss",UTA,0,0.0,0.0
"L. Grooms, D. Head, W. Palmer, J. Hicks, M. Compain",UTA,0,0.0,0.0
"L. Grooms, T. Reiss, J. Hicks, K. Williams, G. Koss",UTA,0,0.0,0.0
"L. Grooms, W. Palmer, T. Reiss, J. Hicks, D. Carter",UTA,0,0.0,0.0
"L. Leslie, D. Charles, T. Dixon, K. Colleton, M. Mabika",LAS,0,0.0,0.0
"L. Leslie, P. Toler, J. Wideman, T. Dixon, K. Colleton",LAS,0,0.0,100.0
"L. Woodard, E. Nemcova, M. Jones, J. Boucek, R. Brown",CLE,0,0.0,0.0
"L. Woodard, M. Jones, T. Nicholson, A. Maxwell, R. Brown",CLE,0,0.0,0.0
"M. Hagiwara, J. Gillom, B. Pettis, T. Jackson, M. Askamp",PHO,0,0.0,0.0
"M. Hagiwara, J. Gillom, B. Pettis, T. Jackson, U. Webb",PHO,0,200.0,100.0
"M. Hagiwara, M. Timms, B. Pettis, U. Webb, M. Askamp",PHO,0,0.0,0.0
"M. Hagiwara, M. Timms, J. Gillom, B. Pettis, T. Jackson",PHO,0,0.0,0.0
"M. Timms, B. Pettis, N. Lieberman, T. Foster, U. Webb",PHO,0,0.0,0.0
"M. Timms, J. Gillom, B. Pettis, T. Jackson, M. Ambers",PHO,0,0.0,0.0
"M. Timms, U. Webb, M. Ambers, M. Askamp, T. Williams",PHO,0,0.0,0.0
"P. Toler, D. Charles, H. Zheng, J. Wideman, T. Gant",LAS,0,0.0,0.0
"P. Toler, D. Charles, K. Colleton, M. Mabika, H. Burge",LAS,0,0.0,100.0
"R. Bolton, B. Gordon, J. Mosley-McAfee, M. Hagiwara, D. Graves",SAC,0,0.0,0.0
"R. Bolton, B. Gordon, P. McGee, C. Yasen, L. Byears",SAC,0,0.0,0.0
"R. Bolton, B. Gordon, P. McGee, L. Savasta, M. Clark",SAC,0,0.0,250.0
"R. Bolton, P. McGee, C. Tremitiere, D. Viglione, M. Clark",SAC,0,0.0,300.0
"R. Lobo, K. Hampton, S. Wicks, S. Witherspoon, K. Ford",NYL,0,0.0,0.0
"R. Lobo, K. Hampton, V. Johnson, R. Blades, J. Perazic-Gipe",NYL,0,0.0,100.0
"R. Lobo, S. Wicks, S. Witherspoon, T. Trice, K. Ford",NYL,0,0.0,0.0
"R. Lobo, T. Weatherspoon, K. Hampton, V. Johnson, J. Perazic-Gipe",NYL,0,0.0,0.0
"R. Lobo, T. Weatherspoon, S. Wicks, S. Witherspoon, T. Trice",NYL,0,0.0,0.0
"R. Lobo, T. Weatherspoon, T. Trice, K. Ford, C. Crumpton-Moorer",NYL,0,100.0,0.0
"R. Lobo, V. Johnson, S. Witherspoon, T. Trice, K. Ford",NYL,0,0.0,0.0
"S. Swoopes, C. Cooper, J. Arcain, T. Thompson, K. Perrot",HOU,0,200.0,100.0
"S. Swoopes, C. Cooper, J. Arcain, T. Thompson, T. Woosley",HOU,0,100.0,200.0
"S. Swoopes, C. Cooper, T. Jackson, Y. Moore, T. Woosley",HOU,0,0.0,0.0
"S. Swoopes, W. Guyton, F. Harris, Y. Moore, T. Woosley",HOU,0,200.0,0.0
"S. Swoopes, W. Guyton, J. Arcain, T. Thompson, T. Woosley",HOU,0,0.0,0.0
"T. Reiss, J. Hicks, R. Scott, K. Williams, K. Booker",UTA,0,0.0,200.0
"T. Suber, S. Manning, D. Williams, A. Congreaves, K. Artis",CHA,0,0.0,100.0
"T. Weatherspoon, K. Hampton, V. Johnson, S. Witherspoon, R. Blades",NYL,0,0.0,0.0
"V. Bullett, S. Manning, K. Artis, P. McCray, Nikki (, N. Levesque",CHA,0,0.0,0.0
"V. Bullett, T. Suber, A. Congreaves, K. Artis, P. McCray, Nikki (",CHA,0,0.0,0.0
"V. Bullett, T. Suber, S. Manning, K. Artis, P. McCray, Nikki (",CHA,0,200.0,100.0
"V. Johnson, S. Wicks, S. Witherspoon, T. Trice, K. Ford",NYL,0,0.0,0.0
"W. Guyton, C. Pollini, F. Harris, Y. Moore, T. Woosley",HOU,0,0.0,0.0
"W. Guyton, J. Arcain, T. Thompson, C. Pollini, T. Woosley",HOU,0,0.0,0.0
"W. Guyton, J. Arcain, T. Thompson, K. Perrot, T. Woosley",HOU,0,0.0,0.0
"W. Guyton, T. Thompson, P. Gay, F. Harris, T. Woosley",HOU,0,0.0,100.0
"W. Guyton, T. Thompson, T. Jackson, K. Perrot, T. Woosley",HOU,0,200.0,0.0
"W. Palmer, T. Reiss, K. Williams, K. Booker, G. Koss",UTA,0,0.0,300.0
